Model Year,Mfr Name,Division,Carline,Verify Mfr Cd,Index (Model Type Index),Eng Displ,# Cyl,Transmission,City FE (Guide) - Conventional Fuel,Hwy FE (Guide) - Conventional Fuel,Comb FE (Guide) - Conventional Fuel,City Unadj FE - Conventional Fuel,Hwy Unadj FE - Conventional Fuel,Comb Unadj FE - Conventional Fuel,City Unrd Adj FE - Conventional Fuel,Hwy Unrd Adj FE - Conventional Fuel,Comb Unrd Adj FE - Conventional Fuel,Guzzler? ,Air Aspir Method,Air Aspiration Method Desc,Trans,Trans Desc,"Trans, Other",# Gears,Lockup Torque Converter,Trans Creeper Gear,Drive Sys,Drive Desc,Max Ethanol % - Gasoline,Max Biodiesel %,Range1 - Model Type Driving Range - Conventional Fuel,Fuel Usage  - Conventional Fuel,Fuel Usage Desc - Conventional Fuel,Fuel Unit - Conventional Fuel,Fuel Unit Desc - Conventional Fuel,Gas Guzzler Exempt (Where Truck = 1975 NHTSA truck definition),Gas Guzzler Exempt Desc (Where Truck = 1975 NHTSA truck definition),2Dr Pass Vol,2Dr Lugg Vol,4Dr Pass Vol,4Dr Lugg Vol,Htchbk Pass Vol,Htchbk Lugg Vol,Annual Fuel1 Cost - Conventional Fuel,EPA Calculated Annual Fuel Cost - Conventional Fuel -----  Annual fuel cost error. Please revise Verify. ,City2 FE (Guide) - Alternative Fuel,Hwy2 Fuel FE (Guide) - Alternative Fuel,Comb2 Fuel FE (Guide) - Alternative Fuel,City2 Unadj FE - Alternative Fuel,Hwy2 Unadj FE - Alternative Fuel,Comb2 Unadj FE - Alternative Fuel,City2 Unrd Adj FE - Alternative Fuel,Hwy2 Unrd Adj FE - Alternative Fuel,Cmb2 Unrd Adj FE - Alternative Fuel, Range2 - Alt Fuel Model Typ Driving Range - Alternative Fuel, Fuel2 Usage - Alternative Fuel, Fuel2 Usage Desc - Alternative Fuel,Fuel2 Unit - Alternative Fuel,Fuel2 Unit Desc - Alternative Fuel,Fuel2 Annual Fuel Cost - Alternative Fuel,City CO2 Rounded Adjusted - Fuel2,Hwy CO2 Rounded Adjusted - Fuel2,Comb CO2 Rounded Adjusted - Fuel2,Fuel2 EPA Calculated Annual Fuel Cost - Alternative Fuel,Descriptor - Model Type (40 Char or less),Intake Valves Per Cyl,Exhaust Valves Per Cyl,Carline Class,Carline Class Desc,Car/Truck Category - Cash for Clunkers Bill.,Calc Approach Desc,Release Date,EPA FE Label Dataset ID,,Unique Label?,Label Recalc?,Relabel,Relabel Desc,Suppressed?,Police/Emerg?,Comments - Mfr Eng Cnfg,Cyl Deact?,Cyl Deact Desc,Var Valve Timing?,Var Valve Timing Desc,Var Valve Lift?,Var Valve Lift Desc,Energy Storage Device Desc,"Energy Storage Device,If Other",# Batteries,Battery Type Desc,"Battery Type, If Other",Total Voltage for Battery Pack(s),Batt Energy Capacity (Amp-hrs),Batt Specific Energy (Watt-hr/kg),Batt Charger Type Desc,Comments,# Capacitors,Regen Braking Type Desc,"Regen Braking Type, If Other","Regen Braking Wheels Source (Front, Rear, Both)",Driver Cntrl Regen Braking?,Fuel Cell Desc,Usable H2 Fill Capacity (kg),Fuel Cell Onboard H2 Capacity (kg),HEV-EV Comments,# Drive Motor Gen,Motor Gen Type Desc,"Motor Gen Type, If Other",Rated Motor Gen Power (kW),Fuel Metering Type 1 Desc,Fuel Metering Type 2 Desc,Fuel Metering Sys Cd,Fuel Metering Sys Desc,Fuel Cell Vehicle (Y or N),Off Board Charge Capable (Y or N),Camless Valvetrain (Y or N),Oil Viscosity,Stop/Start System (Engine Management System) Code,Stop/Start System (Engine Management System)  Description,Model Type Desc (MFR entered),Charge Depleting Calc Appr Code (PHEV only),Charge Depleting Calc Appr Desc (PHEV only),Charge Sustaining Calc Appr Code (PHEV only),Charge Sustaining Calc Appr Desc (PHEV only),EPA Calculated Annual Fuel Cost,EPA Calculated Gas Guzzler MPG,MFR Calculated Gas Guzzler MPG ,EPA Calculated Gas Guzzler Indicator (Y or N),,FE Rating (1-10 rating on Label),GHG Rating (1-10 rating on Label),GHG 1-10 rating on Ethanol (EPA Determined),#1 Smog Rating Test Group,#1 Mfr Smog Rating (Mfr Smog 1-10 Rating on Label for Test Group 1),#1 EPA Smog Rating (EPA Smog 1-10 Rating on Label for Test Group 1),SmartWay1 (EPA-derived SmartWay rating for Test Group 1),#2 Smog Rating Test Group,#2 Mfr Smog Rating (Mfr Smog 1-10 Rating on Label for Test Group 2),#2 EPA Smog Rating (EPA Smog 1-10 Rating on Label for Test Group 2),SmartWay2 (EPA-derived SmartWay rating for Test Group 2),#3 Smog Rating Test Group,#3 Mfr Smog Rating (Mfr Smog 1-10 Rating on Label for Test Group 3),#3 EPA Smog Rating (EPA Smog 1-10 Rating on Label for Test Group 3),SmartWay3 (EPA-derived SmartWay rating for Test Group 3),#4 Smog Rating Test Group,#4 Mfr Smog Rating (Mfr Smog 1-10 Rating on Label for Test Group 4),#4 EPA Smog Rating (EPA Smog 1-10 Rating on Label for Test Group 4),SmartWay4 (EPA-derived SmartWay rating for Test Group 4),$ You Save over 5 years (amount saved in fuel costs over 5 years - on label) ,$ You Spend over 5 years (increased amount spent in fuel costs over 5 years - on label) ,City CO2 Rounded Adjusted,Hwy CO2 Rounded Adjusted,Comb CO2 Rounded Adjusted (as shown on FE Label),CO2-PHEV Composite Rounded Adjusted Combined CO2,240V Charge Time at 240 volts (hours),120V Charge time at 120 Volts (hours),PHEV Total Driving Range (rounded to nearest 10 miles)DISTANCE,City PHEV Composite MPGe,Hwy PHEV Composite MPGe,Comb PHEV Composite MPGe,,,
2024,Jaguar Land Rover L,Jaguar,F-TYPE P450 AWD R-Dynamic Conv,JLX,181,5.0,8,Auto(S8),16,24,18,19.2287,33.7286,23.8409,15.5008,24.0365,18.4489,,SC,Supercharged,SA,Semi-Automatic,,8,Y,N,A,All Wheel Drive,10,,,GP,Gasoline (Premium Unleaded Recommended),MPG,miles per gallon,N,Not exempt,,,,,,,3600,3600,,,,,,,,,,,,,,,,,,,,SIDI; ,2,2,1,Two Seaters,car,Derived 5-cycle label,1/30/2023,32694,,Y,N,,,N,N,,N,,Y,Inlet and Exhaust Camshaft Phasing controlled by Engine Management System.,N,,,,,,,,,,,,,,,,,,,,,,,,,,,GDI,Spark Ignition Direct Injection,N,N,N,0W20,Y,Yes,F-TYPE P450 AWD Convertible,,,,,,,24,,,4,4,,RJLXJ05.0FSM,3,,,,,,,,,,,,,,,,8250,571,369,481,,,,,,,,,,
2024,Jaguar Land Rover L,Jaguar,F-TYPE P450 AWD R-Dynamic Coupe,JLX,180,5.0,8,Auto(S8),16,24,18,19.2287,33.7286,23.8409,15.5008,24.0365,18.4489,,SC,Supercharged,SA,Semi-Automatic,,8,Y,N,A,All Wheel Drive,10,,,GP,Gasoline (Premium Unleaded Recommended),MPG,miles per gallon,N,Not exempt,,,,,,,3600,3600,,,,,,,,,,,,,,,,,,,,SIDI; ,2,2,1,Two Seaters,car,Derived 5-cycle label,1/30/2023,32693,,Y,N,,,N,N,,N,,Y,Inlet and Exhaust Camshaft Phasing controlled by Engine Management System.,N,,,,,,,,,,,,,,,,,,,,,,,,,,,GDI,Spark Ignition Direct Injection,N,N,N,0W20,Y,Yes,F-TYPE P450 AWD Coupe,,,,,,,24,,,4,4,,RJLXJ05.0FSM,3,,,,,,,,,,,,,,,,8250,571,369,481,,,,,,,,,,
2024,Jaguar Land Rover L,Jaguar,F-TYPE P450 RWD Convertible,JLX,179,5.0,8,Auto(S8),17,24,19,20.7335,34.0972,25.1733,16.6294,24.2996,19.3826,,SC,Supercharged,SA,Semi-Automatic,,8,Y,N,R,"2-Wheel Drive, Rear",10,,,GP,Gasoline (Premium Unleaded Recommended),MPG,miles per gallon,N,Not exempt,,,,,,,3400,3400,,,,,,,,,,,,,,,,,,,,SIDI; ,2,2,1,Two Seaters,car,Derived 5-cycle label,1/30/2023,32695,,Y,N,,,N,N,,N,,Y,Inlet and Exhaust Camshaft Phasing controlled by Engine Management System.,N,,,,,,,,,,,,,,,,,,,,,,,,,,,GDI,Spark Ignition Direct Injection,N,N,N,0W20,Y,Yes,F-TYPE P450 RWD Convertible,,,,,,,25.3,,,4,4,,RJLXJ05.0FSM,3,,,,,,,,,,,,,,,,7250,536,367,460,,,,,,,,,,
2024,Jaguar Land Rover L,Jaguar,F-TYPE P450 RWD Coupe,JLX,178,5.0,8,Auto(S8),17,24,19,20.7335,34.0972,25.1733,16.6294,24.2996,19.3826,,SC,Supercharged,SA,Semi-Automatic,,8,Y,N,R,"2-Wheel Drive, Rear",10,,,GP,Gasoline (Premium Unleaded Recommended),MPG,miles per gallon,N,Not exempt,,,,,,,3400,3400,,,,,,,,,,,,,,,,,,,,SIDI; ,2,2,1,Two Seaters,car,Derived 5-cycle label,1/30/2023,32696,,Y,N,,,N,N,,N,,Y,Inlet and Exhaust Camshaft Phasing controlled by Engine Management System.,N,,,,,,,,,,,,,,,,,,,,,,,,,,,GDI,Spark Ignition Direct Injection,N,N,N,0W20,Y,Yes,F-TYPE P450 RWD Coupe,,,,,,,25.3,,,4,4,,RJLXJ05.0FSM,3,,,,,,,,,,,,,,,,7250,536,367,460,,,,,,,,,,
2024,Jaguar Land Rover L,Jaguar,F-TYPE R AWD Convertible,JLX,175,5.0,8,Auto(S8),16,24,18,19.2287,33.7286,23.8409,15.5008,24.0365,18.4489,,SC,Supercharged,SA,Semi-Automatic,,8,Y,N,A,All Wheel Drive,10,,,GP,Gasoline (Premium Unleaded Recommended),MPG,miles per gallon,N,Not exempt,,,,,,,3600,3600,,,,,,,,,,,,,,,,,,,,SIDI; ,2,2,1,Two Seaters,car,Derived 5-cycle label,1/30/2023,32697,,Y,N,,,N,N,,N,,Y,Inlet and Exhaust Camshaft Phasing controlled by Engine Management System.,N,,,,,,,,,,,,,,,,,,,,,,,,,,,GDI,Spark Ignition Direct Injection,N,N,N,0W20,Y,Yes,F-TYPE R AWD Convertible,,,,,,,24,,,4,4,,RJLXJ05.0FSM,3,,,,,,,,,,,,,,,,8250,571,369,481,,,,,,,,,,
2024,Jaguar Land Rover L,Jaguar,F-TYPE R AWD Coupe,JLX,174,5.0,8,Auto(S8),16,24,18,19.2287,33.7286,23.8409,15.5008,24.0365,18.4489,,SC,Supercharged,SA,Semi-Automatic,,8,Y,N,A,All Wheel Drive,10,,,GP,Gasoline (Premium Unleaded Recommended),MPG,miles per gallon,N,Not exempt,,,,,,,3600,3600,,,,,,,,,,,,,,,,,,,,SIDI; ,2,2,1,Two Seaters,car,Derived 5-cycle label,1/30/2023,32698,,Y,N,,,N,N,,N,,Y,Inlet and Exhaust Camshaft Phasing controlled by Engine Management System.,N,,,,,,,,,,,,,,,,,,,,,,,,,,,GDI,Spark Ignition Direct Injection,N,N,N,0W20,Y,Yes,F-TYPE R AWD Coupe,,,,,,,24,,,4,4,,RJLXJ05.0FSM,3,,,,,,,,,,,,,,,,8250,571,369,481,,,,,,,,,,
2024,BMW,Mini,COOPER CONVERTIBLE,BMX,36,1.5,3,Auto(AM-S7),29,38,32,37.6529,56.1061,44.1938,28.6522,38.0759,32.2432,,TC,Turbocharged,AMS,Automated Manual- Selectable (e.g. Automated Manual with paddles),,7,N,N,F,"2-Wheel Drive, Front",10,,,GP,Gasoline (Premium Unleaded Recommended),MPG,miles per gallon,N,Not exempt,76,5,,,,,2000,2000,,,,,,,,,,,,,,,,,,,,SIDI; ,2,2,2,Minicompact Cars,car,Derived 5-cycle label,3/1/2023,32788,,N,N,,,N,N,,N,,Y,variable valve timing at inlet and outlet valves,Y,variable valve lift only at inlet valves,,,,,,,,,,,,,,,,,,,,,,,,,,GDI,Spark Ignition Direct Injection,,,N,0W20,Y,Yes,,,,,,,,44.9,,,6,6,,RBMXV01.5B36,7,,,,,,,,,,,,,,,,250,308,232,274,,,,,,,,,,
2024,BMW,Mini,COOPER CONVERTIBLE,BMX,37,1.5,3,Manual(M6),27,38,31,35.7446,55.2078,42.4846,27.3626,37.5393,31.1644,,TC,Turbocharged,M,Manual,,6,N,N,F,"2-Wheel Drive, Front",10,,,GP,Gasoline (Premium Unleaded Recommended),MPG,miles per gallon,N,Not exempt,76,5,,,,,2100,2100,,,,,,,,,,,,,,,,,,,,SIDI; ,2,2,2,Minicompact Cars,car,Derived 5-cycle label,3/1/2023,32794,,N,N,,,N,N,,N,,Y,variable valve timing at inlet and outlet valves,Y,variable valve lift only at inlet valves,,,,,,,,,,,,,,,,,,,,,,,,,,GDI,Spark Ignition Direct Injection,,,N,0W20,Y,Yes,,,,,,,,43.2,,,6,6,,RBMXV01.5B36,7,,,,,,,,,,,,,,,,750,322,235,283,,,,,,,,,,
2024,BMW,Mini,COOPER S CONVERTIBLE,BMX,58,2.0,4,Auto(AM-S7),27,36,30,34.6,52.6992,40.9249,26.5817,36.0296,30.138,,TC,Turbocharged,AMS,Automated Manual- Selectable (e.g. Automated Manual with paddles),,7,N,N,F,"2-Wheel Drive, Front",10,,,GP,Gasoline (Premium Unleaded Recommended),MPG,miles per gallon,N,Not exempt,76,5,,,,,2150,2150,,,,,,,,,,,,,,,,,,,,SIDI; ,2,2,2,Minicompact Cars,car,Derived 5-cycle label,3/1/2023,32802,,Y,N,,,N,N,,N,,Y,variable valve timing at inlet and outlet valves,Y,variable valve lift only at inlet valves,,,,,,,,,,,,,,,,,,,,,,,,,,GDI,Spark Ignition Direct Injection,,,N,0W20,Y,Yes,,,,,,,,41.2,,,6,6,,RBMXV02.0B46,7,,,,,,,,,,,,,,,,1000,332,246,293,,,,,,,,,,
2024,BMW,Mini,COOPER S CONVERTIBLE,BMX,59,2.0,4,Manual(M6),23,33,27,29.8,47.7,35.8547,23.2447,32.9713,26.8028,,TC,Turbocharged,M,Manual,,6,N,N,F,"2-Wheel Drive, Front",10,,,GP,Gasoline (Premium Unleaded Recommended),MPG,miles per gallon,N,Not exempt,76,5,,,,,2400,2400,,,,,,,,,,,,,,,,,,,,SIDI; ,2,2,2,Minicompact Cars,car,Derived 5-cycle label,3/1/2023,32808,,Y,N,,,N,N,,N,,Y,variable valve timing at inlet and outlet valves,Y,variable valve lift only at inlet valves,,,,,,,,,,,,,,,,,,,,,,,,,,GDI,Spark Ignition Direct Injection,,,N,0W20,Y,Yes,,,,,,,,36.1,,,5,5,,RBMXV02.0B46,7,,,,,,,,,,,,,,,,2250,380,268,329,,,,,,,,,,
2024,BMW,Mini,JOHN COOPER WORKS CONVERTIBLE,BMX,82,2.0,4,Auto(S8),25,33,28,31.6548,47.914,37.3597,24.5462,33.1036,27.7775,,TC,Turbocharged,SA,Semi-Automatic,,8,Y,N,F,"2-Wheel Drive, Front",10,,,GP,Gasoline (Premium Unleaded Recommended),MPG,miles per gallon,N,Not exempt,76,5,,,,,2300,2300,,,,,,,,,,,,,,,,,,,,SIDI; ,2,2,2,Minicompact Cars,car,Derived 5-cycle label,3/1/2023,32822,,N,N,,,N,N,,N,,Y,variable valve timing at inlet and outlet valves,Y,variable valve lift only at inlet valves,,,,,,,,,,,,,,,,,,,,,,,,,,GDI,Spark Ignition Direct Injection,,,N,0W20,Y,Yes,,,,,,,,37.6,,,6,6,,RBMXV02.0B46,7,,,,,,,,,,,,,,,,1750,358,266,316,,,,,,,,,,
2024,BMW,BMW,430i Convertible,BMX,404,2.0,4,Auto(S8),25,34,28,32.0715,49.0233,37.9816,24.8365,33.7874,28.1981,,TC,Turbocharged,SA,Semi-Automatic,,8,Y,N,R,"2-Wheel Drive, Rear",10,,,GP,Gasoline (Premium Unleaded Recommended),MPG,miles per gallon,N,Not exempt,84,9,,,,,2300,2300,,,,,,,,,,,,,,,,,,,,SIDI; ,2,2,3,Subcompact Cars,car,Derived 5-cycle label,3/1/2023,32825,,N,N,,,N,N,,N,,Y,variable valve timing at inlet and outlet valves,Y,variable valve lift only at inlet valves,,,,,,,,,,,,,,,,,,,,,,,,,,GDI,Spark Ignition Direct Injection,,,N,0W20,Y,Yes,,,,,,,,38.2,,,6,6,,RBMXJ02.0B4X,7,,,,,,,,,,,,,,,,1750,354,261,312,,,,,,,,,,
2024,BMW,BMW,430i Coupe,BMX,400,2.0,4,Auto(S8),25,34,28,32.0715,49.0233,37.9816,24.8365,33.7874,28.1981,,TC,Turbocharged,SA,Semi-Automatic,,8,Y,N,R,"2-Wheel Drive, Rear",10,,,GP,Gasoline (Premium Unleaded Recommended),MPG,miles per gallon,N,Not exempt,86,12,,,,,2300,2300,,,,,,,,,,,,,,,,,,,,SIDI; ,2,2,3,Subcompact Cars,car,Derived 5-cycle label,3/1/2023,32823,,N,N,,,N,N,,N,,Y,variable valve timing at inlet and outlet valves,Y,variable valve lift only at inlet valves,,,,,,,,,,,,,,,,,,,,,,,,,,GDI,Spark Ignition Direct Injection,,,N,0W20,Y,Yes,,,,,,,,38.2,,,6,6,,RBMXJ02.0B4X,7,,,,,,,,,,,,,,,,1750,354,261,312,,,,,,,,,,
2024,BMW,BMW,430i xDrive Convertible,BMX,405,2.0,4,Auto(S8),23,33,27,30.0376,47.9891,36.1174,23.4123,33.15,26.9785,,TC,Turbocharged,SA,Semi-Automatic,,8,Y,N,A,All Wheel Drive,10,,,GP,Gasoline (Premium Unleaded Recommended),MPG,miles per gallon,N,Not exempt,84,9,,,,,2400,2400,,,,,,,,,,,,,,,,,,,,SIDI; ,2,2,3,Subcompact Cars,car,Derived 5-cycle label,3/1/2023,32816,,N,N,,,N,N,,N,,Y,variable valve timing at inlet and outlet valves,Y,variable valve lift only at inlet valves,,,,,,,,,,,,,,,,,,,,,,,,,,GDI,Spark Ignition Direct Injection,,,N,0W20,Y,Yes,,,,,,,,36.4,,,5,5,,RBMXJ02.0B4X,7,,,,,,,,,,,,,,,,2250,376,266,326,,,,,,,,,,
2024,BMW,BMW,430i xDrive Coupe,BMX,402,2.0,4,Auto(S8),23,33,27,30.0376,47.9891,36.1174,23.4123,33.15,26.9785,,TC,Turbocharged,SA,Semi-Automatic,,8,Y,N,A,All Wheel Drive,10,,,GP,Gasoline (Premium Unleaded Recommended),MPG,miles per gallon,N,Not exempt,86,12,,,,,2400,2400,,,,,,,,,,,,,,,,,,,,SIDI; ,2,2,3,Subcompact Cars,car,Derived 5-cycle label,3/1/2023,32814,,N,N,,,N,N,,N,,Y,variable valve timing at inlet and outlet valves,Y,variable valve lift only at inlet valves,,,,,,,,,,,,,,,,,,,,,,,,,,GDI,Spark Ignition Direct Injection,,,N,0W20,Y,Yes,,,,,,,,36.4,,,5,5,,RBMXJ02.0B4X,7,,,,,,,,,,,,,,,,2250,376,266,326,,,,,,,,,,
2024,BMW,BMW,840i Convertible,BMX,804,3.0,6,Auto(S8),21,29,24,26.2759,40.7815,31.2831,20.7289,28.626,23.667,,TC,Turbocharged,SA,Semi-Automatic,,8,Y,N,R,"2-Wheel Drive, Rear",10,,,GP,Gasoline (Premium Unleaded Recommended),MPG,miles per gallon,N,Not exempt,81,12,,,,,2700,2700,,,,,,,,,,,,,,,,,,,,SIDI; ,2,2,3,Subcompact Cars,car,Derived 5-cycle label,3/10/2023,32851,,N,N,,,N,N,,N,,Y,Variable Valve Timing at inlet and outlet valves,Y,Variable Valve Lift at inlet valves,,,,,,,,,,,,,,,,,,,,,,,,,,GDI,Spark Ignition Direct Injection,,,N,0W-20,Y,Yes,,,,,,,,31.5,,,5,5,,RBMXV03.0B07,3,,,,,,,,,,,,,,,,3750,427,310,374,,,,,,,,,,
2024,BMW,BMW,840i Coupe,BMX,800,3.0,6,Auto(S8),21,29,24,26.4193,40.9642,31.4433,20.8324,28.7424,23.777,,TC,Turbocharged,SA,Semi-Automatic,,8,Y,N,R,"2-Wheel Drive, Rear",10,,,GP,Gasoline (Premium Unleaded Recommended),MPG,miles per gallon,N,Not exempt,81,15,,,,,2700,2700,,,,,,,,,,,,,,,,,,,,SIDI; ,2,2,3,Subcompact Cars,car,Derived 5-cycle label,3/10/2023,32849,,N,N,,,N,N,,N,,Y,Variable Valve Timing at inlet and outlet valves,Y,Variable Valve Lift at inlet valves,,,,,,,,,,,,,,,,,,,,,,,,,,GDI,Spark Ignition Direct Injection,,,N,0W-20,Y,Yes,,,,,,,,31.7,,,5,5,,RBMXV03.0B07,3,,,,,,,,,,,,,,,,3750,425,308,373,,,,,,,,,,
2024,BMW,BMW,840i xDrive Convertible,BMX,806,3.0,6,Auto(S8),21,29,24,26.2455,40.7952,31.2631,20.707,28.6347,23.6539,,TC,Turbocharged,SA,Semi-Automatic,,8,Y,N,A,All Wheel Drive,10,,,GP,Gasoline (Premium Unleaded Recommended),MPG,miles per gallon,N,Not exempt,81,12,,,,,2700,2700,,,,,,,,,,,,,,,,,,,,SIDI; ,2,2,3,Subcompact Cars,car,Derived 5-cycle label,3/10/2023,32848,,N,N,,,N,N,,N,,Y,Variable Valve Timing at inlet and outlet valves,Y,Variable Valve Lift at inlet valves,,,,,,,,,,,,,,,,,,,,,,,,,,GDI,Spark Ignition Direct Injection,,,N,0W-20,Y,Yes,,,,,,,,31.5,,,5,5,,RBMXV03.0B07,3,,,,,,,,,,,,,,,,3750,426,308,373,,,,,,,,,,
2024,BMW,BMW,840i xDrive Coupe,BMX,802,3.0,6,Auto(S8),21,29,24,26.2653,40.8215,31.2854,20.7213,28.6515,23.6693,,TC,Turbocharged,SA,Semi-Automatic,,8,Y,N,A,All Wheel Drive,10,,,GP,Gasoline (Premium Unleaded Recommended),MPG,miles per gallon,N,Not exempt,81,15,,,,,2700,2700,,,,,,,,,,,,,,,,,,,,SIDI; ,2,2,3,Subcompact Cars,car,Derived 5-cycle label,3/10/2023,32846,,N,N,,,N,N,,N,,Y,Variable Valve Timing at inlet and outlet valves,Y,Variable Valve Lift at inlet valves,,,,,,,,,,,,,,,,,,,,,,,,,,GDI,Spark Ignition Direct Injection,,,N,0W-20,Y,Yes,,,,,,,,31.5,,,5,5,,RBMXV03.0B07,3,,,,,,,,,,,,,,,,3750,426,308,373,,,,,,,,,,
2024,BMW,BMW,M4 Competition Coupe,BMX,491,3.0,6,Auto(S8),16,23,19,20.182,32.0616,24.2204,16.2409,22.9535,18.7021,,TC,Turbocharged,SA,Semi-Automatic,,8,Y,N,R,"2-Wheel Drive, Rear",10,,,GPR,Gasoline (Premium Unleaded Required),MPG,miles per gallon,N,Not exempt,87,12,,,,,3400,3400,,,,,,,,,,,,,,,,,,,,SIDI; ,2,2,3,Subcompact Cars,car,Derived 5-cycle label,3/10/2023,32834,,N,N,,,N,N,,N,,Y,variable valve timing at inlet and outlet valves,Y,variable valve lift at inlet valves,,,,,,,,,,,,,,,,,,,,,,,,,,GDI,Spark Ignition Direct Injection,,,N,0W30,Y,Yes,,,,,,,,24.4,,,4,4,,RBMXV03.0SM3,5,,,,,,,,,,,,,,,,7250,541,383,470,,,,,,,,,,
2024,BMW,BMW,M4 Competition M xDrive Coupe,BMX,492,3.0,6,Auto(S8),16,22,18,20.055,31.2954,23.9213,16.1455,22.4442,18.4792,,TC,Turbocharged,SA,Semi-Automatic,,8,Y,N,A,All Wheel Drive,10,,,GPR,Gasoline (Premium Unleaded Required),MPG,miles per gallon,N,Not exempt,87,12,,,,,3600,3600,,,,,,,,,,,,,,,,,,,,SIDI; ,2,2,3,Subcompact Cars,car,Derived 5-cycle label,3/10/2023,32835,,N,N,,,N,N,,N,,Y,variable valve timing at inlet and outlet valves,Y,variable valve lift at inlet valves,,,,,,,,,,,,,,,,,,,,,,,,,,GDI,Spark Ignition Direct Injection,,,N,0W30,Y,Yes,,,,,,,,24.1,,,4,4,,RBMXV03.0SM3,5,,,,,,,,,,,,,,,,8250,546,392,477,,,,,,,,,,
2024,BMW,BMW,M4 Coupe,BMX,480,3.0,6,Manual(M6),16,23,19,19.8955,32.4972,24.1012,16.0255,23.2422,18.6283,,TC,Turbocharged,M,Manual,,6,N,N,R,"2-Wheel Drive, Rear",10,,,GPR,Gasoline (Premium Unleaded Required),MPG,miles per gallon,N,Not exempt,87,12,,,,,3400,3400,,,,,,,,,,,,,,,,,,,,SIDI; ,2,2,3,Subcompact Cars,car,Derived 5-cycle label,3/10/2023,32833,,N,N,,,N,N,,N,,Y,variable valve timing at inlet and outlet valves,Y,variable valve lift at inlet valves,,,,,,,,,,,,,,,,,,,,,,,,,,GDI,Spark Ignition Direct Injection,,,N,0W30,N,No,,,,,,,,24.3,,,4,4,,RBMXV03.0SM3,5,,,,,,,,,,,,,,,,7250,548,379,472,,,,,,,,,,
2024,BMW,BMW,M440i Convertible,BMX,414,3.0,6,Auto(S8),23,31,26,29.67,44.1328,34.8023,23.1529,30.7475,26.0482,,TC,Turbocharged,SA,Semi-Automatic,,8,Y,N,R,"2-Wheel Drive, Rear",10,,,GP,Gasoline (Premium Unleaded Recommended),MPG,miles per gallon,N,Not exempt,84,9,,,,,2500,2500,,,,,,,,,,,,,,,,,,,,SIDI; Mild Hybrid; ,2,2,3,Subcompact Cars,car,Derived 5-cycle label,3/17/2023,32870,,N,N,,,N,N,,N,,Y,variable valve timing at inlet and outlet valves,Y,variable valve lift only at inlet valves,Battery(s),,1,Lithium Ion,,44,10,40,On-Board,,,Electrical Regen Brake,,Both,N,,,,"BSG (Belt-Driven Starter Generator) Engine with 48V Technology; 2.2 kW (30 seconds), 8 kW (10 seconds); Motor/Generator Type: externally excited synchronuous machine (EESM)",1,Other,EESM,2,,,GDI,Spark Ignition Direct Injection,N,N,N,0W20,Y,Yes,,,,,,,,35,,,5,5,,RBMXJ03.0G2X,5,,,,,,,,,,,,,,,,2750,380,286,338,,,,,,,,,,
2024,BMW,BMW,M440i Coupe,BMX,410,3.0,6,Auto(S8),24,32,27,30.5928,45.6126,35.9147,23.8029,31.6743,26.7999,,TC,Turbocharged,SA,Semi-Automatic,,8,Y,N,R,"2-Wheel Drive, Rear",10,,,GP,Gasoline (Premium Unleaded Recommended),MPG,miles per gallon,N,Not exempt,86,12,,,,,2400,2400,,,,,,,,,,,,,,,,,,,,SIDI; Mild Hybrid; ,2,2,3,Subcompact Cars,car,Derived 5-cycle label,3/17/2023,32868,,N,N,,,N,N,,N,,Y,variable valve timing at inlet and outlet valves,Y,variable valve lift only at inlet valves,Battery(s),,1,Lithium Ion,,44,10,40,On-Board,,,Electrical Regen Brake,,Both,N,,,,"BSG (Belt-Driven Starter Generator) Engine with 48V Technology; 2.2 kW (30 seconds), 8 kW (10 seconds); Motor/Generator Type: externally excited synchronuous machine (EESM)",1,Other,EESM,2,,,GDI,Spark Ignition Direct Injection,N,N,N,0W20,Y,Yes,,,,,,,,36.2,,,5,5,,RBMXJ03.0G2X,5,,,,,,,,,,,,,,,,2250,371,279,329,,,,,,,,,,
2024,BMW,BMW,M440i xDrive Convertible,BMX,415,3.0,6,Auto(S8),22,30,25,28.0528,43.4014,33.3619,22.0045,30.2872,25.0925,,TC,Turbocharged,SA,Semi-Automatic,,8,Y,N,A,All Wheel Drive,10,,,GP,Gasoline (Premium Unleaded Recommended),MPG,miles per gallon,N,Not exempt,84,9,,,,,2600,2600,,,,,,,,,,,,,,,,,,,,SIDI; Mild Hybrid; ,2,2,3,Subcompact Cars,car,Derived 5-cycle label,3/17/2023,32866,,N,N,,,N,N,,N,,Y,variable valve timing at inlet and outlet valves,Y,variable valve lift only at inlet valves,Battery(s),,1,Lithium Ion,,44,10,40,On-Board,,,Electrical Regen Brake,,Both,N,,,,"BSG (Belt-Driven Starter Generator) Engine with 48V Technology; 2.2 kW (30 seconds), 8 kW (10 seconds); Motor/Generator Type: externally excited synchronuous machine (EESM)",1,Other,EESM,2,,,GDI,Spark Ignition Direct Injection,N,N,N,0W20,Y,Yes,,,,,,,,33.6,,,5,5,,RBMXJ03.0G2X,5,,,,,,,,,,,,,,,,3250,400,291,351,,,,,,,,,,
2024,BMW,BMW,M440i xDrive Coupe,BMX,412,3.0,6,Auto(S8),22,31,25,27.9797,44.8145,33.6718,21.9524,31.1752,25.3236,,TC,Turbocharged,SA,Semi-Automatic,,8,Y,N,A,All Wheel Drive,10,,,GP,Gasoline (Premium Unleaded Recommended),MPG,miles per gallon,N,Not exempt,86,12,,,,,2600,2600,,,,,,,,,,,,,,,,,,,,SIDI; Mild Hybrid; ,2,2,3,Subcompact Cars,car,Derived 5-cycle label,3/17/2023,32865,,N,N,,,N,N,,N,,Y,variable valve timing at inlet and outlet valves,Y,variable valve lift only at inlet valves,Battery(s),,1,Lithium Ion,,44,10,40,On-Board,,,Electrical Regen Brake,,Both,N,,,,"BSG (Belt-Driven Starter Generator) Engine with 48V Technology; 2.2 kW (30 seconds), 8 kW (10 seconds); Motor/Generator Type: externally excited synchronuous machine (EESM)",1,Other,EESM,2,,,GDI,Spark Ignition Direct Injection,N,N,N,0W20,Y,Yes,,,,,,,,33.9,,,5,5,,RBMXJ03.0G2X,5,,,,,,,,,,,,,,,,3250,400,282,347,,,,,,,,,,
2024,BMW,BMW,M4CompetitionMxDriveConvertible,BMX,493,3.0,6,Auto(S8),16,23,18,19.3569,31.7126,23.4722,15.6194,22.7217,18.176,,TC,Turbocharged,SA,Semi-Automatic,,8,Y,N,A,All Wheel Drive,10,,,GPR,Gasoline (Premium Unleaded Required),MPG,miles per gallon,N,Not exempt,84,9,,,,,3600,3600,,,,,,,,,,,,,,,,,,,,SIDI; ,2,2,3,Subcompact Cars,car,Derived 5-cycle label,3/10/2023,32836,,N,N,,,N,N,,N,,Y,variable valve timing at inlet and outlet valves,Y,variable valve lift at inlet valves,,,,,,,,,,,,,,,,,,,,,,,,,,GDI,Spark Ignition Direct Injection,,,N,0W30,Y,Yes,,,,,,,,23.6,,,4,4,,RBMXV03.0SM3,5,,,,,,,,,,,,,,,,8250,562,388,484,,,,,,,,,,
2024,BMW,BMW,M8 Competition Convertible,BMX,862,4.4,8,Auto(S8),15,22,17,18.0898,29.9136,22.0036,14.6582,21.5213,17.1142,G,TC,Turbocharged,SA,Semi-Automatic,,8,Y,N,A,All Wheel Drive,10,,,GPR,Gasoline (Premium Unleaded Required),MPG,miles per gallon,N,Not exempt,81,12,,,,,3800,3800,,,,,,,,,,,,,,,,,,,,SIDI; ,2,2,3,Subcompact Cars,car,Derived 5-cycle label,3/10/2023,32839,,N,N,,,N,N,,N,,Y,variable valve timing at inlet and outlet valves,Y,variable valve lift at inlet valves,,,,,,,,,,,,,,,,,,,,,,,,,,GDI,Spark Ignition Direct Injection,,,N,0W30,Y,Yes,,,,,,,,22.2,,,3,3,,RBMXV04.4SM5,3,,,,,,,,,,,,,,,,9250,603,411,517,,,,,,,,,,
2024,BMW,BMW,M8 Competition Coupe,BMX,860,4.4,8,Auto(S8),15,22,17,18.0898,29.9136,22.0036,14.6582,21.5213,17.1142,G,TC,Turbocharged,SA,Semi-Automatic,,8,Y,N,A,All Wheel Drive,10,,,GPR,Gasoline (Premium Unleaded Required),MPG,miles per gallon,N,Not exempt,81,15,,,,,3800,3800,,,,,,,,,,,,,,,,,,,,SIDI; ,2,2,3,Subcompact Cars,car,Derived 5-cycle label,3/10/2023,32837,,N,N,,,N,N,,N,,Y,variable valve timing at inlet and outlet valves,Y,variable valve lift at inlet valves,,,,,,,,,,,,,,,,,,,,,,,,,,GDI,Spark Ignition Direct Injection,,,N,0W30,Y,Yes,,,,,,,,22.2,,,3,3,,RBMXV04.4SM5,3,,,,,,,,,,,,,,,,9250,603,411,517,,,,,,,,,,
2024,BMW,BMW,M850i xDrive Convertible,BMX,852,4.4,8,Auto(S8),17,24,19,20.7891,33.2243,24.9997,16.6961,23.7229,19.2638,,TC,Turbocharged,SA,Semi-Automatic,,8,Y,N,A,All Wheel Drive,10,,,GP,Gasoline (Premium Unleaded Recommended),MPG,miles per gallon,N,Not exempt,81,12,,,,,3400,3400,,,,,,,,,,,,,,,,,,,,SIDI; ,2,2,3,Subcompact Cars,car,Derived 5-cycle label,3/10/2023,32854,,N,N,,,N,N,,N,,Y,Variable Valve Timing at inlet and outlet valves,Y,Variable Valve Lift at inlet valves,,,,,,,,,,,,,,,,,,,,,,,,,,GDI,Spark Ignition Direct Injection,,,N,0W30,Y,Yes,,,,,,,,25.2,,,4,4,,RBMXV04.4N63,3,,,,,,,,,,,,,,,,7250,527,372,457,,,,,,,,,,
2024,BMW,BMW,M850i xDrive Coupe,BMX,850,4.4,8,Auto(S8),17,24,19,20.8458,33.2151,25.0424,16.7385,23.7168,19.293,,TC,Turbocharged,SA,Semi-Automatic,,8,Y,N,A,All Wheel Drive,10,,,GP,Gasoline (Premium Unleaded Recommended),MPG,miles per gallon,N,Not exempt,81,15,,,,,3400,3400,,,,,,,,,,,,,,,,,,,,SIDI; ,2,2,3,Subcompact Cars,car,Derived 5-cycle label,3/10/2023,32852,,N,N,,,N,N,,N,,Y,Variable Valve Timing at inlet and outlet valves,Y,Variable Valve Lift at inlet valves,,,,,,,,,,,,,,,,,,,,,,,,,,GDI,Spark Ignition Direct Injection,,,N,0W30,Y,Yes,,,,,,,,25.2,,,4,4,,RBMXV04.4N63,3,,,,,,,,,,,,,,,,7250,526,372,457,,,,,,,,,,
2024,BMW,Mini,COOPER HARDTOP 2 DOOR,BMX,32,1.5,3,Auto(AM-S7),29,38,32,37.6529,56.1061,44.1938,28.6522,38.0759,32.2432,,TC,Turbocharged,AMS,Automated Manual- Selectable (e.g. Automated Manual with paddles),,7,N,N,F,"2-Wheel Drive, Front",10,,,GP,Gasoline (Premium Unleaded Recommended),MPG,miles per gallon,N,Not exempt,,,,,80,9,2000,2000,,,,,,,,,,,,,,,,,,,,SIDI; ,2,2,3,Subcompact Cars,car,Derived 5-cycle label,3/1/2023,32786,,N,N,,,N,N,,N,,Y,variable valve timing at inlet and outlet valves,Y,variable valve lift only at inlet valves,,,,,,,,,,,,,,,,,,,,,,,,,,GDI,Spark Ignition Direct Injection,,,N,0W20,Y,Yes,,,,,,,,44.9,,,6,6,,RBMXV01.5B36,7,,,,,,,,,,,,,,,,250,308,232,274,,,,,,,,,,
2024,BMW,Mini,COOPER HARDTOP 2 DOOR,BMX,33,1.5,3,Manual(M6),27,38,31,35.7446,55.2078,42.4846,27.3626,37.5393,31.1644,,TC,Turbocharged,M,Manual,,6,N,N,F,"2-Wheel Drive, Front",10,,,GP,Gasoline (Premium Unleaded Recommended),MPG,miles per gallon,N,Not exempt,,,,,80,9,2100,2100,,,,,,,,,,,,,,,,,,,,SIDI; ,2,2,3,Subcompact Cars,car,Derived 5-cycle label,3/1/2023,32792,,N,N,,,N,N,,N,,Y,variable valve timing at inlet and outlet valves,Y,variable valve lift only at inlet valves,,,,,,,,,,,,,,,,,,,,,,,,,,GDI,Spark Ignition Direct Injection,,,N,0W20,Y,Yes,,,,,,,,43.2,,,6,6,,RBMXV01.5B36,7,,,,,,,,,,,,,,,,750,322,235,283,,,,,,,,,,
2024,BMW,Mini,COOPER HARDTOP 4 DOOR,BMX,34,1.5,3,Auto(AM-S7),29,38,32,37.6529,56.1061,44.1938,28.6522,38.0759,32.2432,,TC,Turbocharged,AMS,Automated Manual- Selectable (e.g. Automated Manual with paddles),,7,N,N,F,"2-Wheel Drive, Front",10,,,GP,Gasoline (Premium Unleaded Recommended),MPG,miles per gallon,N,Not exempt,,,,,84,9,2000,2000,,,,,,,,,,,,,,,,,,,,SIDI; ,2,2,3,Subcompact Cars,car,Derived 5-cycle label,3/1/2023,32787,,N,N,,,N,N,,N,,Y,variable valve timing at inlet and outlet valves,Y,variable valve lift only at inlet valves,,,,,,,,,,,,,,,,,,,,,,,,,,GDI,Spark Ignition Direct Injection,,,N,0W20,Y,Yes,,,,,,,,44.9,,,6,6,,RBMXV01.5B36,7,,,,,,,,,,,,,,,,250,308,232,274,,,,,,,,,,
2024,BMW,Mini,COOPER HARDTOP 4 DOOR,BMX,35,1.5,3,Manual(M6),27,38,31,35.7446,55.2078,42.4846,27.3626,37.5393,31.1644,,TC,Turbocharged,M,Manual,,6,N,N,F,"2-Wheel Drive, Front",10,,,GP,Gasoline (Premium Unleaded Recommended),MPG,miles per gallon,N,Not exempt,,,,,84,9,2100,2100,,,,,,,,,,,,,,,,,,,,SIDI; ,2,2,3,Subcompact Cars,car,Derived 5-cycle label,3/1/2023,32793,,N,N,,,N,N,,N,,Y,variable valve timing at inlet and outlet valves,Y,variable valve lift only at inlet valves,,,,,,,,,,,,,,,,,,,,,,,,,,GDI,Spark Ignition Direct Injection,,,N,0W20,Y,Yes,,,,,,,,43.2,,,6,6,,RBMXV01.5B36,7,,,,,,,,,,,,,,,,750,322,235,283,,,,,,,,,,
2024,BMW,Mini,COOPER S HARDTOP 2 DOOR,BMX,54,2.0,4,Auto(AM-S7),28,38,31,36.2569,55.6705,43.0055,27.7103,37.8159,31.4981,,TC,Turbocharged,AMS,Automated Manual- Selectable (e.g. Automated Manual with paddles),,7,N,N,F,"2-Wheel Drive, Front",10,,,GP,Gasoline (Premium Unleaded Recommended),MPG,miles per gallon,N,Not exempt,,,,,80,9,2100,2100,,,,,,,,,,,,,,,,,,,,SIDI; ,2,2,3,Subcompact Cars,car,Derived 5-cycle label,3/1/2023,32799,,N,N,,,N,N,,N,,Y,variable valve timing at inlet and outlet valves,Y,variable valve lift only at inlet valves,,,,,,,,,,,,,,,,,,,,,,,,,,GDI,Spark Ignition Direct Injection,,,N,0W20,Y,Yes,,,,,,,,43.7,,,6,6,,RBMXV02.0B46,7,,,,,,,,,,,,,,,,750,319,234,280,,,,,,,,,,
2024,BMW,Mini,COOPER S HARDTOP 2 DOOR,BMX,55,2.0,4,Manual(M6),23,33,27,29.4535,48.4128,35.7544,22.9999,33.4115,26.7511,,TC,Turbocharged,M,Manual,,6,N,N,F,"2-Wheel Drive, Front",10,,,GP,Gasoline (Premium Unleaded Recommended),MPG,miles per gallon,N,Not exempt,,,,,80,9,2400,2400,,,,,,,,,,,,,,,,,,,,SIDI; ,2,2,3,Subcompact Cars,car,Derived 5-cycle label,3/1/2023,32804,,N,N,,,N,N,,N,,Y,variable valve timing at inlet and outlet valves,Y,variable valve lift only at inlet valves,,,,,,,,,,,,,,,,,,,,,,,,,,GDI,Spark Ignition Direct Injection,,,N,0W20,Y,Yes,,,,,,,,36.3,,,5,5,,RBMXV02.0B46,7,,,,,,,,,,,,,,,,2250,384,264,330,,,,,,,,,,
2024,BMW,Mini,COOPER S HARDTOP 4 DOOR,BMX,56,2.0,4,Auto(AM-S7),28,38,31,36.2569,55.6705,43.0055,27.7103,37.8159,31.4981,,TC,Turbocharged,AMS,Automated Manual- Selectable (e.g. Automated Manual with paddles),,7,N,N,F,"2-Wheel Drive, Front",10,,,GP,Gasoline (Premium Unleaded Recommended),MPG,miles per gallon,N,Not exempt,,,,,84,9,2100,2100,,,,,,,,,,,,,,,,,,,,SIDI; ,2,2,3,Subcompact Cars,car,Derived 5-cycle label,3/1/2023,32800,,N,N,,,N,N,,N,,Y,variable valve timing at inlet and outlet valves,Y,variable valve lift only at inlet valves,,,,,,,,,,,,,,,,,,,,,,,,,,GDI,Spark Ignition Direct Injection,,,N,0W20,Y,Yes,,,,,,,,43.7,,,6,6,,RBMXV02.0B46,7,,,,,,,,,,,,,,,,750,319,234,280,,,,,,,,,,
2024,BMW,Mini,COOPER S HARDTOP 4 DOOR,BMX,57,2.0,4,Manual(M6),23,33,27,29.4535,48.4128,35.7544,22.9999,33.4115,26.7511,,TC,Turbocharged,M,Manual,,6,N,N,F,"2-Wheel Drive, Front",10,,,GP,Gasoline (Premium Unleaded Recommended),MPG,miles per gallon,N,Not exempt,,,,,84,9,2400,2400,,,,,,,,,,,,,,,,,,,,SIDI; ,2,2,3,Subcompact Cars,car,Derived 5-cycle label,3/1/2023,32805,,N,N,,,N,N,,N,,Y,variable valve timing at inlet and outlet valves,Y,variable valve lift only at inlet valves,,,,,,,,,,,,,,,,,,,,,,,,,,GDI,Spark Ignition Direct Injection,,,N,0W20,Y,Yes,,,,,,,,36.3,,,5,5,,RBMXV02.0B46,7,,,,,,,,,,,,,,,,2250,384,264,330,,,,,,,,,,
2024,BMW,Mini,JOHN COOPER WORKS HARDTOP 2 DOOR,BMX,84,2.0,4,Auto(S8),26,35,29,33.7371,51.2892,39.8783,25.9892,35.1738,29.4497,,TC,Turbocharged,SA,Semi-Automatic,,8,Y,N,F,"2-Wheel Drive, Front",10,,,GP,Gasoline (Premium Unleaded Recommended),MPG,miles per gallon,N,Not exempt,,,,,80,9,2200,2200,,,,,,,,,,,,,,,,,,,,SIDI; ,2,2,3,Subcompact Cars,car,Derived 5-cycle label,3/1/2023,32821,,N,N,,,N,N,,N,,Y,variable valve timing at inlet and outlet valves,Y,variable valve lift only at inlet valves,,,,,,,,,,,,,,,,,,,,,,,,,,GDI,Spark Ignition Direct Injection,,,N,0W20,Y,Yes,,,,,,,,40.5,,,6,6,,RBMXV02.0B46,7,,,,,,,,,,,,,,,,1250,338,250,299,,,,,,,,,,
2024,BMW,Mini,JOHN COOPER WORKS HARDTOP 2 DOOR,BMX,85,2.0,4,Manual(M6),22,32,26,28.1815,45.4581,33.9955,22.0964,31.5778,25.5484,,TC,Turbocharged,M,Manual,,6,N,N,F,"2-Wheel Drive, Front",10,,,GP,Gasoline (Premium Unleaded Recommended),MPG,miles per gallon,N,Not exempt,,,,,80,9,2500,2500,,,,,,,,,,,,,,,,,,,,SIDI; ,2,2,3,Subcompact Cars,car,Derived 5-cycle label,3/1/2023,32806,,Y,N,,,N,N,,N,,Y,variable valve timing at inlet and outlet valves,Y,variable valve lift only at inlet valves,,,,,,,,,,,,,,,,,,,,,,,,,,GDI,Spark Ignition Direct Injection,,,N,0W20,Y,Yes,,,,,,,,34.6,,,5,5,,RBMXV02.0B46,7,,,,,,,,,,,,,,,,2750,400,279,345,,,,,,,,,,
2024,BMW,BMW,430i Gran Coupe,BMX,406,2.0,4,Auto(S8),25,34,28,32.0715,49.0233,37.9816,24.8365,33.7874,28.1981,,TC,Turbocharged,SA,Semi-Automatic,,8,Y,N,R,"2-Wheel Drive, Rear",10,,,GP,Gasoline (Premium Unleaded Recommended),MPG,miles per gallon,N,Not exempt,,,91,12,,,2300,2300,,,,,,,,,,,,,,,,,,,,SIDI; ,2,2,4,Compact Cars,car,Derived 5-cycle label,3/1/2023,32824,,N,N,,,N,N,,N,,Y,variable valve timing at inlet and outlet valves,Y,variable valve lift only at inlet valves,,,,,,,,,,,,,,,,,,,,,,,,,,GDI,Spark Ignition Direct Injection,,,N,0W20,Y,Yes,,,,,,,,38.2,,,6,6,,RBMXJ02.0B4X,7,,,,,,,,,,,,,,,,1750,354,261,312,,,,,,,,,,
2024,BMW,BMW,430i xDrive Gran Coupe,BMX,407,2.0,4,Auto(S8),23,33,27,30.0376,47.9891,36.1174,23.4123,33.15,26.9785,,TC,Turbocharged,SA,Semi-Automatic,,8,Y,N,A,All Wheel Drive,10,,,GP,Gasoline (Premium Unleaded Recommended),MPG,miles per gallon,N,Not exempt,,,91,12,,,2400,2400,,,,,,,,,,,,,,,,,,,,SIDI; ,2,2,4,Compact Cars,car,Derived 5-cycle label,3/1/2023,32815,,N,N,,,N,N,,N,,Y,variable valve timing at inlet and outlet valves,Y,variable valve lift only at inlet valves,,,,,,,,,,,,,,,,,,,,,,,,,,GDI,Spark Ignition Direct Injection,,,N,0W20,Y,Yes,,,,,,,,36.4,,,5,5,,RBMXJ02.0B4X,7,,,,,,,,,,,,,,,,2250,376,266,326,,,,,,,,,,
2024,BMW,BMW,M3 CS Sedan,BMX,395,3.0,6,Auto(S8),15,22,18,18.9959,31.0335,23.0128,15.3464,22.2697,17.8425,,TC,Turbocharged,SA,Semi-Automatic,,8,Y,N,A,All Wheel Drive,10,,,GPR,Gasoline (Premium Unleaded Required),MPG,miles per gallon,N,Not exempt,,,95,13,,,3600,3600,,,,,,,,,,,,,,,,,,,,SIDI; ,2,2,4,Compact Cars,car,Derived 5-cycle label,3/10/2023,32845,,Y,N,,,N,N,,N,,Y,variable valve timing at inlet and outlet valves,Y,variable valve lift at inlet valves,,,,,,,,,,,,,,,,,,,,,,,,,,GDI,Spark Ignition Direct Injection,,,N,0W30,Y,Yes,,,,,,,,23.2,,,4,4,,RBMXV03.0SM3,5,,,,,,,,,,,,,,,,8250,570,394,491,,,,,,,,,,
2024,BMW,BMW,M440i Gran Coupe,BMX,416,3.0,6,Auto(S8),24,32,27,30.5928,45.6126,35.9147,23.8029,31.6743,26.7999,,TC,Turbocharged,SA,Semi-Automatic,,8,Y,N,R,"2-Wheel Drive, Rear",10,,,GP,Gasoline (Premium Unleaded Recommended),MPG,miles per gallon,N,Not exempt,,,91,12,,,2400,2400,,,,,,,,,,,,,,,,,,,,SIDI; Mild Hybrid; ,2,2,4,Compact Cars,car,Derived 5-cycle label,3/17/2023,32869,,N,N,,,N,N,,N,,Y,variable valve timing at inlet and outlet valves,Y,variable valve lift only at inlet valves,Battery(s),,1,Lithium Ion,,44,10,40,On-Board,,,Electrical Regen Brake,,Both,N,,,,"BSG (Belt-Driven Starter Generator) Engine with 48V Technology; 2.2 kW (30 seconds), 8 kW (10 seconds); Motor/Generator Type: externally excited synchronuous machine (EESM)",1,Other,EESM,2,,,GDI,Spark Ignition Direct Injection,N,N,N,0W20,Y,Yes,,,,,,,,36.2,,,5,5,,RBMXJ03.0G2X,5,,,,,,,,,,,,,,,,2250,371,279,329,,,,,,,,,,
2024,BMW,BMW,M440i xDrive Gran Coupe,BMX,417,3.0,6,Auto(S8),22,30,25,28.0528,43.4014,33.3619,22.0045,30.2872,25.0925,,TC,Turbocharged,SA,Semi-Automatic,,8,Y,N,A,All Wheel Drive,10,,,GP,Gasoline (Premium Unleaded Recommended),MPG,miles per gallon,N,Not exempt,,,91,12,,,2600,2600,,,,,,,,,,,,,,,,,,,,SIDI; Mild Hybrid; ,2,2,4,Compact Cars,car,Derived 5-cycle label,3/17/2023,32867,,N,N,,,N,N,,N,,Y,variable valve timing at inlet and outlet valves,Y,variable valve lift only at inlet valves,Battery(s),,1,Lithium Ion,,44,10,40,On-Board,,,Electrical Regen Brake,,Both,N,,,,"BSG (Belt-Driven Starter Generator) Engine with 48V Technology; 2.2 kW (30 seconds), 8 kW (10 seconds); Motor/Generator Type: externally excited synchronuous machine (EESM)",1,Other,EESM,2,,,GDI,Spark Ignition Direct Injection,N,N,N,0W20,Y,Yes,,,,,,,,33.6,,,5,5,,RBMXJ03.0G2X,5,,,,,,,,,,,,,,,,3250,400,291,351,,,,,,,,,,
2024,Toyota,LEXUS,UX 250h,TYX,69,2.0,4,Auto(AV-S6),43,41,42,59.5,58.1496,58.8846,43.0233,40.9422,42.0612,,NA,Naturally Aspirated,SCV,Selectable Continuously Variable (e.g. CVT with paddles),,6,N,N,F,"2-Wheel Drive, Front",15,,,G,Gasoline (Regular Unleaded Recommended),MPG,miles per gallon,N,Not exempt,,,,,90,17,1300,1300,,,,,,,,,,,,,,,,,,,,SIDI & PFI; Mild Hybrid; ,2,2,4,Compact Cars,car,Vehicle Specific 5-cycle label,4/19/2023,32966,,N,N,,,N,N,,N,,Y,Intake and exhaust,N,,Battery(s),,1,NiMH,,216,6.5,46.4,On-Board,,,Electrical Regen Brake,,Front Wheels,N,,,,"""5kWatt"" of Rated Motor/Generator Power is only for AWD.",2,Other,AC SYNCHRONOUS,5,,,GDPI,Spark Ignition direct & ported injection,N,N,N,0W-16,Y,Yes,HYBRID,,,,,,,59.5,,,7,7,,RTYXV02.0P3B,7,,,,,,,,,,,,,,,3250,,204,215,209,,,,,,,,,,
2024,Toyota,LEXUS,UX 250h,TYX,69,2.0,4,Auto(AV-S6),43,41,42,59.5,58.1496,58.8846,43.0233,40.9422,42.0612,,NA,Naturally Aspirated,SCV,Selectable Continuously Variable (e.g. CVT with paddles),,6,N,N,F,"2-Wheel Drive, Front",15,,,G,Gasoline (Regular Unleaded Recommended),MPG,miles per gallon,N,Not exempt,,,,,90,17,1300,1300,,,,,,,,,,,,,,,,,,,,SIDI & PFI; Hybrid; ,2,2,4,Compact Cars,car,Vehicle Specific 5-cycle label,4/19/2023,32966,,N,N,,,N,N,,N,,Y,Intake and exhaust,N,,Battery(s),,1,NiMH,,216,6.5,46.4,On-Board,,,Electrical Regen Brake,,Front Wheels,N,,,,"""5kWatt"" of Rated Motor/Generator Power is only for AWD.",2,Other,AC SYNCHRONOUS,80,,,GDPI,Spark Ignition direct & ported injection,N,N,N,0W-16,Y,Yes,HYBRID,,,,,,,59.5,,,7,7,,RTYXV02.0P3B,7,,,,,,,,,,,,,,,3250,,204,215,209,,,,,,,,,,
2024,Toyota,LEXUS,UX 250h AWD,TYX,70,2.0,4,Auto(AV-S6),41,38,39,55.9496,54.8993,55.472,41.2367,38,39,,NA,Naturally Aspirated,SCV,Selectable Continuously Variable (e.g. CVT with paddles),,6,N,N,A,All Wheel Drive,15,,,G,Gasoline (Regular Unleaded Recommended),MPG,miles per gallon,N,Not exempt,,,,,90,17,1400,1400,,,,,,,,,,,,,,,,,,,,SIDI & PFI; Mild Hybrid; ,2,2,4,Compact Cars,car,Vehicle Specific 5-cycle label,4/19/2023,32967,,N,N,,,N,N,,N,,Y,Intake and exhaust,N,,Battery(s),,1,NiMH,,216,6.5,46.4,On-Board,,,Electrical Regen Brake,,Front Wheels,N,,,,"""5kWatt"" of Rated Motor/Generator Power is only for AWD.",2,Other,AC SYNCHRONOUS,5,,,GDPI,Spark Ignition direct & ported injection,N,N,N,0W-16,Y,Yes,HYBRID,,,,,,,56.1,,,7,7,,RTYXV02.0P3B,7,,,,,,,,,,,,,,,2750,,213,231,225,,,,,,,,,,
2024,Toyota,LEXUS,UX 250h AWD,TYX,70,2.0,4,Auto(AV-S6),41,38,39,55.9496,54.8993,55.472,41.2367,38,39,,NA,Naturally Aspirated,SCV,Selectable Continuously Variable (e.g. CVT with paddles),,6,N,N,A,All Wheel Drive,15,,,G,Gasoline (Regular Unleaded Recommended),MPG,miles per gallon,N,Not exempt,,,,,90,17,1400,1400,,,,,,,,,,,,,,,,,,,,SIDI & PFI; Hybrid; ,2,2,4,Compact Cars,car,Vehicle Specific 5-cycle label,4/19/2023,32967,,N,N,,,N,N,,N,,Y,Intake and exhaust,N,,Battery(s),,1,NiMH,,216,6.5,46.4,On-Board,,,Electrical Regen Brake,,Front Wheels,N,,,,"""5kWatt"" of Rated Motor/Generator Power is only for AWD.",2,Other,AC SYNCHRONOUS,80,,,GDPI,Spark Ignition direct & ported injection,N,N,N,0W-16,Y,Yes,HYBRID,,,,,,,56.1,,,7,7,,RTYXV02.0P3B,7,,,,,,,,,,,,,,,2750,,213,231,225,,,,,,,,,,
2024,BMW,BMW,840i Gran Coupe,BMX,808,3.0,6,Auto(S8),21,29,24,26.2759,40.7815,31.2831,20.7289,28.626,23.667,,TC,Turbocharged,SA,Semi-Automatic,,8,Y,N,R,"2-Wheel Drive, Rear",10,,,GP,Gasoline (Premium Unleaded Recommended),MPG,miles per gallon,N,Not exempt,,,100,16,,,2700,2700,,,,,,,,,,,,,,,,,,,,SIDI; ,2,2,5,Midsize Cars,car,Derived 5-cycle label,3/10/2023,32850,,N,N,,,N,N,,N,,Y,Variable Valve Timing at inlet and outlet valves,Y,Variable Valve Lift at inlet valves,,,,,,,,,,,,,,,,,,,,,,,,,,GDI,Spark Ignition Direct Injection,,,N,0W-20,Y,Yes,,,,,,,,31.5,,,5,5,,RBMXV03.0B07,3,,,,,,,,,,,,,,,,3750,427,310,374,,,,,,,,,,
2024,BMW,BMW,840i xDrive Gran Coupe,BMX,810,3.0,6,Auto(S8),21,29,24,26.2455,40.7952,31.2631,20.707,28.6347,23.6539,,TC,Turbocharged,SA,Semi-Automatic,,8,Y,N,A,All Wheel Drive,10,,,GP,Gasoline (Premium Unleaded Recommended),MPG,miles per gallon,N,Not exempt,,,100,16,,,2700,2700,,,,,,,,,,,,,,,,,,,,SIDI; ,2,2,5,Midsize Cars,car,Derived 5-cycle label,3/10/2023,32847,,N,N,,,N,N,,N,,Y,Variable Valve Timing at inlet and outlet valves,Y,Variable Valve Lift at inlet valves,,,,,,,,,,,,,,,,,,,,,,,,,,GDI,Spark Ignition Direct Injection,,,N,0W-20,Y,Yes,,,,,,,,31.5,,,5,5,,RBMXV03.0B07,3,,,,,,,,,,,,,,,,3750,426,308,373,,,,,,,,,,
2024,BMW,BMW,ALPINA B8 Gran Coupe,BMX,857,4.4,8,Auto(S8),17,24,19,20.7891,33.2243,24.9997,16.6961,23.7229,19.2638,,TC,Turbocharged,SA,Semi-Automatic,,8,Y,N,A,All Wheel Drive,10,,,GP,Gasoline (Premium Unleaded Recommended),MPG,miles per gallon,N,Not exempt,,,100,16,,,3400,3400,,,,,,,,,,,,,,,,,,,,SIDI; ,2,2,5,Midsize Cars,car,Derived 5-cycle label,3/10/2023,32855,,N,N,,,N,N,,N,,Y,Variable Valve Timing at inlet and outlet valves,Y,Variable Valve Lift at inlet valves,,,,,,,,,,,,,,,,,,,,,,,,,,GDI,Spark Ignition Direct Injection,,,N,0W30,Y,Yes,,,,,,,,25.2,,,4,4,,RBMXV04.4N63,3,,,,,,,,,,,,,,,,7250,527,372,457,,,,,,,,,,
2024,BMW,BMW,M8 Competition Gran Coupe,BMX,864,4.4,8,Auto(S8),15,22,17,18.0898,29.9136,22.0036,14.6582,21.5213,17.1142,G,TC,Turbocharged,SA,Semi-Automatic,,8,Y,N,A,All Wheel Drive,10,,,GPR,Gasoline (Premium Unleaded Required),MPG,miles per gallon,N,Not exempt,,,100,11,,,3800,3800,,,,,,,,,,,,,,,,,,,,SIDI; ,2,2,5,Midsize Cars,car,Derived 5-cycle label,3/10/2023,32838,,N,N,,,N,N,,N,,Y,variable valve timing at inlet and outlet valves,Y,variable valve lift at inlet valves,,,,,,,,,,,,,,,,,,,,,,,,,,GDI,Spark Ignition Direct Injection,,,N,0W30,Y,Yes,,,,,,,,22.2,,,3,3,,RBMXV04.4SM5,3,,,,,,,,,,,,,,,,9250,603,411,517,,,,,,,,,,
2024,BMW,BMW,M850i xDrive Gran Coupe,BMX,854,4.4,8,Auto(S8),17,24,19,20.7891,33.2243,24.9997,16.6961,23.7229,19.2638,,TC,Turbocharged,SA,Semi-Automatic,,8,Y,N,A,All Wheel Drive,10,,,GP,Gasoline (Premium Unleaded Recommended),MPG,miles per gallon,N,Not exempt,,,100,16,,,3400,3400,,,,,,,,,,,,,,,,,,,,SIDI; ,2,2,5,Midsize Cars,car,Derived 5-cycle label,3/10/2023,32853,,N,N,,,N,N,,N,,Y,Variable Valve Timing at inlet and outlet valves,Y,Variable Valve Lift at inlet valves,,,,,,,,,,,,,,,,,,,,,,,,,,GDI,Spark Ignition Direct Injection,,,N,0W30,Y,Yes,,,,,,,,25.2,,,4,4,,RBMXV04.4N63,3,,,,,,,,,,,,,,,,7250,527,372,457,,,,,,,,,,
2024,BMW,Mini,COOPER COUNTRYMAN,BMX,38,1.5,3,Auto(AM-S7),26,32,28,33.2825,46.5243,38.1715,25.6758,32.2423,28.2663,,TC,Turbocharged,AMS,Automated Manual- Selectable (e.g. Automated Manual with paddles),,7,N,N,F,"2-Wheel Drive, Front",10,,,GP,Gasoline (Premium Unleaded Recommended),MPG,miles per gallon,N,Not exempt,,,,,97,18,2300,2300,,,,,,,,,,,,,,,,,,,,SIDI; ,2,2,5,Midsize Cars,car,Derived 5-cycle label,3/1/2023,32791,,N,N,,,N,N,,N,,Y,variable valve timing at inlet and outlet valves,Y,variable valve lift only at inlet valves,,,,,,,,,,,,,,,,,,,,,,,,,,GDI,Spark Ignition Direct Injection,,,N,0W20,Y,Yes,,,,,,,,38.4,,,6,6,,RBMXV01.5B36,7,,,,,,,,,,,,,,,,1750,344,273,312,,,,,,,,,,
2024,BMW,Mini,COOPER COUNTRYMAN ALL4,BMX,48,1.5,3,Auto(S8),23,31,26,29.7649,44.4485,34.9623,23.2199,30.9458,26.1588,,TC,Turbocharged,SA,Semi-Automatic,,8,Y,N,A,All Wheel Drive,10,,,GP,Gasoline (Premium Unleaded Recommended),MPG,miles per gallon,N,Not exempt,,,,,97,18,2500,2500,,,,,,,,,,,,,,,,,,,,SIDI; ,2,2,5,Midsize Cars,car,Derived 5-cycle label,3/1/2023,32796,,N,N,,,N,N,,N,,Y,variable valve timing at inlet and outlet valves,Y,variable valve lift only at inlet valves,,,,,,,,,,,,,,,,,,,,,,,,,,GDI,Spark Ignition Direct Injection,,,N,0W20,Y,Yes,,,,,,,,35.2,,,5,5,,RBMXV01.5B36,7,,,,,,,,,,,,,,,,2750,379,285,337,,,,,,,,,,
2024,BMW,Mini,COOPER S CLUBMAN,BMX,50,2.0,4,Auto(AM-S7),25,35,29,32.7659,50.2033,38.8361,25.3186,34.5111,28.7667,,TC,Turbocharged,AMS,Automated Manual- Selectable (e.g. Automated Manual with paddles),,7,N,N,F,"2-Wheel Drive, Front",10,,,GP,Gasoline (Premium Unleaded Recommended),MPG,miles per gallon,N,Not exempt,,,,,92,18,2200,2200,,,,,,,,,,,,,,,,,,,,SIDI; ,2,2,5,Midsize Cars,car,Derived 5-cycle label,3/1/2023,32801,,N,N,,,N,N,,N,,Y,variable valve timing at inlet and outlet valves,Y,variable valve lift only at inlet valves,,,,,,,,,,,,,,,,,,,,,,,,,,GDI,Spark Ignition Direct Injection,,,N,0W20,Y,Yes,,,,,,,,39.1,,,6,6,,RBMXJ02.0B4X,7,,,,,,,,,,,,,,,,1250,349,256,307,,,,,,,,,,
2024,BMW,Mini,COOPER S CLUBMAN,BMX,51,2.0,4,Manual(M6),22,32,25,27.6496,45.618,33.6063,21.7164,31.6777,25.2959,,TC,Turbocharged,M,Manual,,6,N,N,F,"2-Wheel Drive, Front",10,,,GP,Gasoline (Premium Unleaded Recommended),MPG,miles per gallon,N,Not exempt,,,,,92,18,2600,2600,,,,,,,,,,,,,,,,,,,,SIDI; ,2,2,5,Midsize Cars,car,Derived 5-cycle label,3/1/2023,32807,,N,N,,,N,N,,N,,Y,variable valve timing at inlet and outlet valves,Y,variable valve lift only at inlet valves,,,,,,,,,,,,,,,,,,,,,,,,,,GDI,Spark Ignition Direct Injection,,,N,0W20,Y,Yes,,,,,,,,33.8,,,5,5,,RBMXJ02.0B4X,7,,,,,,,,,,,,,,,,3250,405,278,348,,,,,,,,,,
2024,BMW,Mini,COOPER S CLUBMAN ALL4,BMX,70,2.0,4,Auto(S8),23,32,27,29.8095,46.288,35.4959,23.2514,32.0953,26.5427,,TC,Turbocharged,SA,Semi-Automatic,,8,Y,N,A,All Wheel Drive,10,,,GP,Gasoline (Premium Unleaded Recommended),MPG,miles per gallon,N,Not exempt,,,,,92,18,2400,2400,,,,,,,,,,,,,,,,,,,,SIDI; ,2,2,5,Midsize Cars,car,Derived 5-cycle label,3/1/2023,32817,,Y,N,,,N,N,,N,,Y,variable valve timing at inlet and outlet valves,Y,variable valve lift only at inlet valves,,,,,,,,,,,,,,,,,,,,,,,,,,GDI,Spark Ignition Direct Injection,,,N,0W20,Y,Yes,,,,,,,,35.7,,,5,5,,RBMXJ02.0B4X,7,,,,,,,,,,,,,,,,2250,379,275,332,,,,,,,,,,
2024,BMW,Mini,COOPER S COUNTRYMAN,BMX,60,2.0,4,Auto(AM-S7),24,33,28,31.4,47.2,36.9688,24.3683,32.6618,27.5119,,TC,Turbocharged,AMS,Automated Manual- Selectable (e.g. Automated Manual with paddles),,7,N,N,F,"2-Wheel Drive, Front",10,,,GP,Gasoline (Premium Unleaded Recommended),MPG,miles per gallon,N,Not exempt,,,,,97,18,2300,2300,,,,,,,,,,,,,,,,,,,,SIDI; ,2,2,5,Midsize Cars,car,Derived 5-cycle label,3/1/2023,32803,,N,N,,,N,N,,N,,Y,variable valve timing at inlet and outlet valves,Y,variable valve lift only at inlet valves,,,,,,,,,,,,,,,,,,,,,,,,,,GDI,Spark Ignition Direct Injection,,,N,0W20,Y,Yes,,,,,,,,37.2,,,6,6,,RBMXJ02.0B4X,7,,,,,,,,,,,,,,,,1750,362,271,321,,,,,,,,,,
2024,BMW,Mini,COOPER S COUNTRYMAN ALL4,BMX,62,2.0,4,Auto(S8),23,31,26,29,44.8,34.4707,22.6786,31.1662,25.846,,TC,Turbocharged,SA,Semi-Automatic,,8,Y,N,A,All Wheel Drive,10,,,GP,Gasoline (Premium Unleaded Recommended),MPG,miles per gallon,N,Not exempt,,,,,97,18,2500,2500,,,,,,,,,,,,,,,,,,,,SIDI; ,2,2,5,Midsize Cars,car,Derived 5-cycle label,3/1/2023,32818,,Y,N,,,N,N,,N,,Y,variable valve timing at inlet and outlet valves,Y,variable valve lift only at inlet valves,,,,,,,,,,,,,,,,,,,,,,,,,,GDI,Spark Ignition Direct Injection,,,N,0W20,Y,Yes,,,,,,,,34.7,,,5,5,,RBMXJ02.0B4X,7,,,,,,,,,,,,,,,,2750,389,283,341,,,,,,,,,,
2024,BMW,Mini,JCW COUNTRYMAN ALL4,BMX,86,2.0,4,Auto(S8),24,30,26,30.2,43.3,34.9595,23.5267,30.2233,26.1323,,TC,Turbocharged,SA,Semi-Automatic,,8,Y,N,A,All Wheel Drive,10,,,GP,Gasoline (Premium Unleaded Recommended),MPG,miles per gallon,N,Not exempt,,,,,97,18,2500,2500,,,,,,,,,,,,,,,,,,,,SIDI; ,2,2,5,Midsize Cars,car,Derived 5-cycle label,3/1/2023,32820,,Y,N,,,N,N,,N,,Y,variable valve timing at inlet and outlet valves,Y,variable valve lift only at inlet valves,,,,,,,,,,,,,,,,,,,,,,,,,,GDI,Spark Ignition Direct Injection,,,N,0W20,Y,Yes,,,,,,,,35.2,,,5,5,,RBMXV02.0M48,3,,,,,,,,,,,,,,,,2750,376,293,338,,,,,,,,,,
2024,BMW,Mini,JOHN COOPER WORKS CLUBMAN ALL4,BMX,80,2.0,4,Auto(S8),23,31,26,29.7,44.3,34.8717,23.1741,30.8526,26.0968,,TC,Turbocharged,SA,Semi-Automatic,,8,Y,N,A,All Wheel Drive,10,,,GP,Gasoline (Premium Unleaded Recommended),MPG,miles per gallon,N,Not exempt,,,,,92,18,2500,2500,,,,,,,,,,,,,,,,,,,,SIDI; ,2,2,5,Midsize Cars,car,Derived 5-cycle label,3/1/2023,32819,,Y,N,,,N,N,,N,,Y,variable valve timing at inlet and outlet valves,Y,variable valve lift only at inlet valves,,,,,,,,,,,,,,,,,,,,,,,,,,GDI,Spark Ignition Direct Injection,,,N,0W20,Y,Yes,,,,,,,,35.1,,,5,5,,RBMXV02.0M48,3,,,,,,,,,,,,,,,,2750,381,286,339,,,,,,,,,,
2024,Subaru,Subaru,LEGACY,FJX,13,2.4,4,Auto(AV-S8),23,31,26,29.6665,44.8666,35.0028,23.1504,31.2079,26.1937,,TC,Turbocharged,SCV,Selectable Continuously Variable (e.g. CVT with paddles),,8,Y,N,A,All Wheel Drive,15,,,G,Gasoline (Regular Unleaded Recommended),MPG,miles per gallon,N,Not exempt,,,105,15,,,2100,2100,,,,,,,,,,,,,,,,,,,,SIDI; ,2,2,5,Midsize Cars,car,Derived 5-cycle label,3/18/2023,32915,,N,N,,,N,N,,N,,Y,Intake and Exhaust,N,,,,,,,,,,,,,,,,,,,,,,,,,,,GDI,Spark Ignition Direct Injection,,,N,ILSAC GF-6A 0W-20,Y,Yes,,,,,,,,35,,,5,5,,RFJXJ02.4RAB,6,,,,,,,,,,,,,,,,750,381,283,337,,,,,,,,,,
2024,Subaru,Subaru,LEGACY,FJX,8,2.5,4,Auto(AV-S8),27,35,30,34.9948,51.1892,40.8038,26.8517,35.1129,30.0312,,NA,Naturally Aspirated,SCV,Selectable Continuously Variable (e.g. CVT with paddles),,8,Y,N,A,All Wheel Drive,15,,,G,Gasoline (Regular Unleaded Recommended),MPG,miles per gallon,N,Not exempt,,,105,15,,,1800,1800,,,,,,,,,,,,,,,,,,,,SIDI; ,2,2,5,Midsize Cars,car,Derived 5-cycle label,3/18/2023,32914,,N,N,,,N,N,,N,,Y,Intake and Exhaust,N,,,,,,,,,,,,,,,,,,,,,,,,,,,GDI,Spark Ignition Direct Injection,,,N,ILSAC GF-6A 0W-20,Y,Yes,,,,,,,,40.8,,,6,6,,RFJXJ02.5BUY,7,,,,,,,,,,,,,,,750,,330,253,295,,,,,,,,,,
2024,Honda,Acura,INTEGRA,HNX,541,1.5,4,Auto(AV-S7),30,37,33,39.4,54.8,45.1038,29.8194,37.295,32.7758,,TC,Turbocharged,SCV,Selectable Continuously Variable (e.g. CVT with paddles),,7,Y,N,F,"2-Wheel Drive, Front",10,,,GP,Gasoline (Premium Unleaded Recommended),MPG,miles per gallon,N,Not exempt,,,96,24,,,1950,1950,,,,,,,,,,,,,,,,,,,,SIDI; ,2,2,6,Large Cars,car,Derived 5-cycle label,4/17/2023,32928,,N,N,,,N,N,,N,,Y,Variable valve Timing and lift Electronic Control (VTEC) system and Variable valve Timing Control (VTC) system are applied.,Y,Variable valve Timing and lift Electronic Control (VTEC) system is applied.,,,,,,,,,,,,,,,,,,,,,,,,,,GDI,Spark Ignition Direct Injection,N,N,N,0W-20,Y,Yes,,,,,,,,45.4,,,6,6,,RHNXV01.54EC,7,,,,,,,,,,,,,,,0,,296,237,269,,,,,,,,,,
2024,Honda,Acura,INTEGRA A-SPEC,HNX,542,1.5,4,Auto(AV-S7),29,36,32,38.1938,52.7869,43.6203,29.0149,36.0827,31.8196,,TC,Turbocharged,SCV,Selectable Continuously Variable (e.g. CVT with paddles),,7,Y,N,F,"2-Wheel Drive, Front",10,,,GP,Gasoline (Premium Unleaded Recommended),MPG,miles per gallon,N,Not exempt,,,96,24,,,2000,2000,,,,,,,,,,,,,,,,,,,,SIDI; ,2,2,6,Large Cars,car,Derived 5-cycle label,4/17/2023,32930,,N,N,,,N,N,,N,,Y,Variable valve Timing and lift Electronic Control (VTEC) system and Variable valve Timing Control (VTC) system are applied.,Y,Variable valve Timing and lift Electronic Control (VTEC) system is applied.,,,,,,,,,,,,,,,,,,,,,,,,,,GDI,Spark Ignition Direct Injection,N,N,N,0W-20,Y,Yes,,,,,,,,43.9,,,6,6,,RHNXV01.54EC,7,,,,,,,,,,,,,,,,250,304,245,277,,,,,,,,,,
2024,Honda,Acura,INTEGRA A-SPEC,HNX,543,1.5,4,Manual(M6),26,36,30,35.4927,53.3884,41.7974,26,36.446,30,,TC,Turbocharged,M,Manual,,6,N,N,F,"2-Wheel Drive, Front",10,,,GP,Gasoline (Premium Unleaded Recommended),MPG,miles per gallon,N,Not exempt,,,96,24,,,2150,2150,,,,,,,,,,,,,,,,,,,,SIDI; ,2,2,6,Large Cars,car,Derived 5-cycle label,4/17/2023,32929,,N,N,,,N,N,,N,,Y,Variable valve Timing and lift Electronic Control (VTEC) system and Variable valve Timing Control (VTC) system are applied.,Y,Variable valve Timing and lift Electronic Control (VTEC) system is applied.,,,,,,,,,,,,,,,,,,,,,,,,,,GDI,Spark Ignition Direct Injection,N,N,N,0W-20,Y,Yes,,,,,,,,42.1,,,6,6,,RHNXV01.55DC,6,,,,,,,,,,,,,,,,1000,339,241,293,,,,,,,,,,
2024,Kia,KIA,K5,KMX,15,1.6,4,Auto(S8),27,37,31,34.8177,54.3751,41.5413,26.7306,37.04,30.558,,TC,Turbocharged,SA,Semi-Automatic,,8,Y,N,F,"2-Wheel Drive, Front",15,,,G,Gasoline (Regular Unleaded Recommended),MPG,miles per gallon,N,Not exempt,,,105,16,,,1750,1750,,,,,,,,,,,,,,,,,,,,SIDI; ,2,2,6,Large Cars,car,Derived 5-cycle label,4/22/2023,32902,,N,N,,,N,N,,N,,Y,Fixed3(More than two or continuous),N,,,,,,,,,,,,,,,,,,,,,,,,,,,GDI,Spark Ignition Direct Injection,,,N,SAE 0W-20/API SN PLUS/SP,N,No,,,,,,,,41.8,,,6,6,,RKMXV01.6DC5,5,,,,,,,,,,,,,,,1000,,335,242,293,,,,,,,,,,
2024,Kia,KIA,K5,KMX,17,2.5,4,Auto(AM-S8),24,32,27,29.6835,46.0738,35.341,23.7569,32.1794,26.9286,,TC,Turbocharged,AMS,Automated Manual- Selectable (e.g. Automated Manual with paddles),,8,N,N,F,"2-Wheel Drive, Front",15,,,G,Gasoline (Regular Unleaded Recommended),MPG,miles per gallon,N,Not exempt,,,105,16,,,2000,2000,,,,,,,,,,,,,,,,,,,,SIDI & PFI; ,2,2,6,Large Cars,car,Vehicle Specific 5-cycle label,4/22/2023,32901,,N,N,,,N,N,,N,,Y,Fixed3(More than two or continuous),N,,,,,,,,,,,,,,,,,,,,,,,,,,,GDPI,Spark Ignition direct & ported injection,,,N,SAE 0W-30,N,No,,,,,,,,35.6,,,5,5,,RKMXV02.5DP5,5,,,,,,,,,,,,,,,,250,377,278,332,,,,,,,,,,
2024,Kia,KIA,K5 AWD,KMX,16,1.6,4,Auto(S8),25,33,28,32.7,48.2,38.2326,25.2729,33.2803,28.3415,,TC,Turbocharged,SA,Semi-Automatic,,8,Y,N,A,All Wheel Drive,15,,,G,Gasoline (Regular Unleaded Recommended),MPG,miles per gallon,N,Not exempt,,,105,16,,,1950,1950,,,,,,,,,,,,,,,,,,,,SIDI; ,2,2,6,Large Cars,car,Derived 5-cycle label,4/22/2023,32900,,N,N,,,N,N,,N,,Y,Fixed3(More than two or continuous),N,,,,,,,,,,,,,,,,,,,,,,,,,,,GDI,Spark Ignition Direct Injection,,,N,SAE 0W-20/API SN PLUS/SP,N,No,,,,,,,,38.5,,,6,6,,RKMXV01.6DC5,5,,,,,,,,,,,,,,,0,,354,269,316,,,,,,,,,,
2024,General Motors,Chevrolet,TRAX,GMX,135,1.2,3,Auto(A6),28,32,30,37.1,48.2,41.3892,28.2801,31.8977,29.801,,TC,Turbocharged,A,Automatic,,6,Y,N,F,"2-Wheel Drive, Front",10,,,G,Gasoline (Regular Unleaded Recommended),MPG,miles per gallon,N,Not exempt,,,98,25,,,1800,1800,,,,,,,,,,,,,,,,,,,,SIDI; ,2,2,7,Small Station Wagons,car,Derived Vehicle Specific 5-cycle Calculation Approach for city label but Modified 5-cycle Calculation Approach for Highway label,2/1/2023,32759,,N,N,,,N,N,CSS Prime,N,,Y,Cam phaser,N,,,,,,,,,,,,,,,,,,,,,,,,,,,GDI,Spark Ignition Direct Injection,,,N,5W30,Y,Yes,,,,,,,,42.4,,,6,6,,RGMXV01.3555,7,,,,,,,,,,,,,,,750,,315,278,298,,,,,,,,,,
2024,Subaru,Subaru,IMPREZA,FJX,6,2.0,4,Auto(AV-S8),27,34,30,35.0233,49.3688,40.2919,26.8711,33.9997,29.6705,,NA,Naturally Aspirated,SCV,Selectable Continuously Variable (e.g. CVT with paddles),,8,Y,N,A,All Wheel Drive,15,,,G,Gasoline (Regular Unleaded Recommended),MPG,miles per gallon,N,Not exempt,,,100,20,,,1800,1800,,,,,,,,,,,,,,,,,,,,SIDI; ,2,2,7,Small Station Wagons,car,Derived 5-cycle label,4/10/2023,32747,,N,N,,,N,N,,N,,Y,Intake and Exhaust,N,,,,,,,,,,,,,,,,,,,,,,,,,,,GDI,Spark Ignition Direct Injection,,,N,ILSAC GF-6B 0W-16,Y,Yes,,,,,,,,40.3,,,6,6,,RFJXJ02.5BBG,7,,,,,,,,,,,,,,,750,,328,260,297,,,,,,,,,,
2024,Subaru,Subaru,IMPREZA,FJX,9,2.5,4,Auto(AV-S8),26,33,29,34,47.7,39.0466,26.1701,32.9713,28.8479,,NA,Naturally Aspirated,SCV,Selectable Continuously Variable (e.g. CVT with paddles),,8,Y,N,A,All Wheel Drive,15,,,G,Gasoline (Regular Unleaded Recommended),MPG,miles per gallon,N,Not exempt,,,100,20,,,1850,1850,,,,,,,,,,,,,,,,,,,,SIDI; ,2,2,7,Small Station Wagons,car,Derived 5-cycle label,4/10/2023,32748,,N,N,,,N,N,,N,,Y,Intake and Exhaust,N,,,,,,,,,,,,,,,,,,,,,,,,,,,GDI,Spark Ignition Direct Injection,,,N,ILSAC GF-6B 0W-16,Y,Yes,,,,,,,,39,,,6,6,,RFJXJ02.5BBG,7,,,,,,,,,,,,,,,500,,337,268,306,,,,,,,,,,
2024,Kia,KIA,Carnival,KMX,12,3.5,6,Auto(S8),19,26,22,24.4578,36.9451,28.8451,19.4085,26.1578,21.9581,,NA,Naturally Aspirated,SA,Semi-Automatic,,8,Y,N,F,"2-Wheel Drive, Front",15,,,G,Gasoline (Regular Unleaded Recommended),MPG,miles per gallon,T,Truck,,,,,,,2450,2450,,,,,,,,,,,,,,,,,,,,SIDI & PFI; ,2,2,20,"Special Purpose Vehicle, minivan 2WD",1,Derived Vehicle Specific 5-cycle Calculation Approach for city label but Modified 5-cycle Calculation Approach for Highway label,3/1/2023,32764,,N,N,,,N,N,,N,,Y,Fixed3(More than two or continuous),N,,,,,,,,,,,,,,,,,,,,,,,,,,,GDPI,Spark Ignition direct & ported injection,,,N,0W20,N,No,,,,,,,,,,,5,5,,RKMXT03.5KU5,5,,,,,,,,,,,,,,,,2500,461,343,408,,,,,,,,,,
2024,General Motors,Buick,ENCORE GX FWD,GMX,141,1.2,3,Auto(AV),30,31,30,40.1,49.3,43.7761,30.2836,31,30,,TC,Turbocharged,CVT,Continuously Variable,,1,N,N,F,"2-Wheel Drive, Front",10,,,G,Gasoline (Regular Unleaded Recommended),MPG,miles per gallon,T,Truck,,,,,,,1800,1800,,,,,,,,,,,,,,,,,,,,SIDI; ,2,2,30,Small SUV 2WD,,Derived Vehicle Specific 5-cycle Calculation Approach for city label but Modified 5-cycle Calculation Approach for Highway label,4/21/2023,33006,,N,N,,,N,N,CSS Prime,N,,Y,Cam phaser,N,,,,,,,,,,,,,,,,,,,,,,,,,,,GDI,Spark Ignition Direct Injection,,,N,5W30,Y,Yes,,,,,,,,44.1,,,6,6,,RGMXV01.3555,7,,,,,,,,,,,,,,,750,,294,288,297,,,,,,,,,,
2024,General Motors,Buick,ENCORE GX FWD,GMX,147,1.3,3,Auto(AV),29,31,30,38.9,49.8,43.15,29.4867,31,30,,TC,Turbocharged,CVT,Continuously Variable,,1,N,N,F,"2-Wheel Drive, Front",10,,,G,Gasoline (Regular Unleaded Recommended),MPG,miles per gallon,T,Truck,,,,,,,1800,1800,,,,,,,,,,,,,,,,,,,,SIDI; ,2,2,30,Small SUV 2WD,,Derived Vehicle Specific 5-cycle Calculation Approach for city label but Modified 5-cycle Calculation Approach for Highway label,3/15/2023,32920,,N,N,,,N,N,,N,,Y,Cam phaser,N,,,,,,,,,,,,,,,,,,,,,,,,,,,GDI,Spark Ignition Direct Injection,,,N,5W30,Y,Yes,,,,,,,,43.4,,,6,6,,RGMXV01.3555,7,,,,,,,,,,,,,,,750,,302,287,297,,,,,,,,,,
2024,General Motors,Cadillac,XT4 FWD,GMX,148,2.0,4,Auto(S9),24,29,26,30.4,43.8,35.2534,23.6674,29.434,25.9557,,TC,Turbocharged,SA,Semi-Automatic,,9,Y,N,F,"2-Wheel Drive, Front",10,,,GPR,Gasoline (Premium Unleaded Required),MPG,miles per gallon,T,Truck,,,101,23,,,2500,2500,,,,,,,,,,,,,,,,,,,,SIDI; ,2,2,30,Small SUV 2WD,,Derived Vehicle Specific 5-cycle Calculation Approach for city label but Modified 5-cycle Calculation Approach for Highway label,4/20/2023,33000,,N,N,,,N,N,,Y,Active Fuel Management,Y,Cam Phaser,Y,"High,Low,Zero(Cylinder Deactivation)",,,,,,,,,,,,,,,,,,,,,,,,,,GDI,Spark Ignition Direct Injection,,,N,0W20,Y,Yes,,,,,,,,35.5,,,5,5,,RGMXT02.0400,7,,,,,,,,,,,,,,,,2750,376,303,343,,,,,,,,,,
2024,Kia,KIA,Seltos FWD,KMX,11,2.0,4,Auto(AV-S8),28,34,31,37.4,50.1,42.2156,28.4821,34.4479,30.8894,,NA,Naturally Aspirated,SCV,Selectable Continuously Variable (e.g. CVT with paddles),,8,Y,N,F,"2-Wheel Drive, Front",15,,,G,Gasoline (Regular Unleaded Recommended),MPG,miles per gallon,T,Truck,,,,,,,1750,1750,,,,,,,,,,,,,,,,,,,,,2,2,30,Small SUV 2WD,,Derived 5-cycle label,2/24/2023,32743,,N,N,,,N,N,,N,,Y,Fixed3(More than two or continuous),N,,,,,,,,,,,,,,,,,,,,,,,,,,,MFI,Multipoint/sequential fuel injection,,,N,0W20 API SN or ILSAC GF-6,Y,Yes,,,,,,,,,,,6,6,,RKMXT02.0NE3,7,,,,,,,,,,,,,,,1000,,312,259,288,,,,,,,,,,
2024,Toyota,LEXUS,NX 250,TYX,4,2.5,4,Auto(S8),26,33,28,33.1,47.3,38.2701,25.5497,32.7237,28.3461,,NA,Naturally Aspirated,SA,Semi-Automatic,,8,Y,N,F,"2-Wheel Drive, Front",15,,,G,Gasoline (Regular Unleaded Recommended),MPG,miles per gallon,T,Truck,,,,,,,1950,1950,,,,,,,,,,,,,,,,,,,,SIDI & PFI; ,2,2,30,Small SUV 2WD,,Derived 5-cycle label,3/17/2023,32906,,N,N,,,N,N,,N,,Y,Intake and exhaust,N,,,,,,,,,,,,,,,,,,,,,,,,,,,GDPI,Spark Ignition direct & ported injection,,,N,0W-16,Y,Yes,,,,,,,,,,,6,6,,RTYXT02.5N4M,6,,,,,,,,,,,,,,,0,,345,269,311,,,,,,,,,,
2024,General Motors,Buick,ENCORE GX AWD,GMX,510,1.3,3,Auto(A9),26,28,27,33.3884,43.2607,37.2095,25.7489,28,27.0814,,TC,Turbocharged,A,Automatic,,9,Y,N,A,All Wheel Drive,10,,,G,Gasoline (Regular Unleaded Recommended),MPG,miles per gallon,T,Truck,,,94,24,,,2000,2000,,,,,,,,,,,,,,,,,,,,SIDI; ,2,2,31,Small SUV 4WD,,Derived Vehicle Specific 5-cycle Calculation Approach for city label but Modified 5-cycle Calculation Approach for Highway label,3/15/2023,32919,,N,N,,,N,N,,N,,Y,Cam phaser,N,,,,,,,,,,,,,,,,,,,,,,,,,,,GDI,Spark Ignition Direct Injection,,,N,5W30,Y,Yes,,,,,,,,,,,5,5,,RGMXV01.3555,7,,,,,,,,,,,,,,,,250,346,318,333,,,,,,,,,,
2024,General Motors,Cadillac,XT4 AWD,GMX,525,2.0,4,Auto(S9),23,28,25,28.7914,41.5476,33.407,22.5305,28.0174,24.708,,TC,Turbocharged,SA,Semi-Automatic,,9,Y,N,A,All Wheel Drive,10,,,GPR,Gasoline (Premium Unleaded Required),MPG,miles per gallon,T,Truck,,,101,23,,,2600,2600,,,,,,,,,,,,,,,,,,,,SIDI; ,2,2,31,Small SUV 4WD,,Derived Vehicle Specific 5-cycle Calculation Approach for city label but Modified 5-cycle Calculation Approach for Highway label,4/20/2023,32999,,N,N,,,N,N,,Y,Active Fuel Management,Y,Cam Phaser,Y,"High,Low,Zero(Cylinder Deactivation)",,,,,,,,,,,,,,,,,,,,,,,,,,GDI,Spark Ignition Direct Injection,,,N,0W20,Y,Yes,,,,,,,,,,,5,5,,RGMXT02.0400,7,,,,,,,,,,,,,,,,3250,395,318,360,,,,,,,,,,
2024,Jaguar Land Rover L,Jaguar,E-PACE,JLX,540,2.0,4,Auto(S9),20,26,23,25.9478,37.3858,30.0905,20.4918,25.6807,22.5414,,TC,Turbocharged,SA,Semi-Automatic,,9,Y,N,A,All Wheel Drive,10,,,GP,Gasoline (Premium Unleaded Recommended),MPG,miles per gallon,T,Truck,,,,,,,2800,2800,,,,,,,,,,,,,,,,,,,,SIDI; ,2,2,31,Small SUV 4WD,,Derived Vehicle Specific 5-cycle Calculation Approach for city label but Modified 5-cycle Calculation Approach for Highway label,1/9/2023,32700,,Y,N,,,N,N,,N,,Y,Inlet and Exhaust Camshaft Phasing controlled by Engine Management System.,N,,,,,,,,,,,,,,,,,,,,,,,,,,,GDI,Spark Ignition Direct Injection,N,N,N,0W20,Y,Yes,Jaguar E-PACE,,,,,,,30.3,,,5,5,,RJLXT02.0RTV,7,,,,,,,,,,,,,,,,4250,438,349,398,,,,,,,,,,
2024,Jaguar Land Rover L,Jaguar,F-PACE SVR,JLX,770,5.0,8,Auto(S8),15,21,17,18.5414,28.6089,22.03,14.9703,20.6385,17.0813,,SC,Supercharged,SA,Semi-Automatic,,8,Y,N,A,All Wheel Drive,10,,,GP,Gasoline (Premium Unleaded Recommended),MPG,miles per gallon,T,Truck,,,,,,,3800,3800,,,,,,,,,,,,,,,,,,,,SIDI; ,2,2,31,Small SUV 4WD,,Derived 5-cycle label,3/27/2023,32826,,Y,N,,,N,N,,N,,Y,Inlet and Exhaust Camshaft Phasing controlled by Engine Management System.,N,,,,,,,,,,,,,,,,,,,,,,,,,,,GDI,Spark Ignition Direct Injection,N,N,N,0W20,Y,Yes,F-Pace SVR,,,,,,,22.1,,,3,3,,RJLXJ05.0FSM,3,,,,,,,,,,,,,,,,9250,591,430,518,,,,,,,,,,
2024,Kia,KIA,Seltos AWD,KMX,9,1.6,4,Auto(S8),25,27,26,32.4,41.8,36.0479,25.0648,27.1497,25.962,,TC,Turbocharged,SA,Semi-Automatic,,8,Y,N,A,All Wheel Drive,15,,,G,Gasoline (Regular Unleaded Recommended),MPG,miles per gallon,T,Truck,,,,,,,2100,2100,,,,,,,,,,,,,,,,,,,,SIDI; ,2,2,31,Small SUV 4WD,,Derived Vehicle Specific 5-cycle Calculation Approach for city label but Modified 5-cycle Calculation Approach for Highway label,2/24/2023,32741,,N,N,,,N,N,,N,,Y,Fixed3,N,,,,,,,,,,,,,,,,,,,,,,,,,,,GDI,Spark Ignition Direct Injection,,,N,SAE 0W20,N,No,,,,,,,,,,,5,5,,RKMXT01.6NC5,5,,,,,,,,,,,,,,,,750,355,328,343,,,,,,,,,,
2024,Kia,KIA,Seltos AWD,KMX,10,2.0,4,Auto(AV-S8),27,31,29,34.9,45.3,38.921,26.7869,31.4791,28.7128,,NA,Naturally Aspirated,SCV,Selectable Continuously Variable (e.g. CVT with paddles),,8,Y,N,A,All Wheel Drive,15,,,G,Gasoline (Regular Unleaded Recommended),MPG,miles per gallon,T,Truck,,,,,,,1850,1850,,,,,,,,,,,,,,,,,,,,,2,2,31,Small SUV 4WD,,Derived 5-cycle label,2/24/2023,32742,,N,N,,,N,N,,N,,Y,Fixed3(More than two or continuous),N,,,,,,,,,,,,,,,,,,,,,,,,,,,MFI,Multipoint/sequential fuel injection,,,N,0W20 API SN or ILSAC GF-6,Y,Yes,,,,,,,,,,,6,6,,RKMXT02.0NE3,7,,,,,,,,,,,,,,,500,,331,282,309,,,,,,,,,,
2024,Jaguar Land Rover L,Land Rover,Discovery Sport,JLX,550,2.0,4,Auto(S9),19,23,20,23.2538,34.2146,27.1707,18.5255,23.409,20.4448,,TC,Turbocharged,SA,Semi-Automatic,,9,Y,N,A,All Wheel Drive,10,,,GP,Gasoline (Premium Unleaded Recommended),MPG,miles per gallon,T,Truck,,,,,,,3200,3200,,,,,,,,,,,,,,,,,,,,SIDI; ,2,2,31,Small SUV 4WD,,Derived Vehicle Specific 5-cycle Calculation Approach for city label but Modified 5-cycle Calculation Approach for Highway label,1/9/2023,32699,,Y,N,,,N,N,,N,,Y,Inlet and Exhaust Camshaft Phasing controlled by Engine Management System.,N,,,,,,,,,,,,,,,,,,,,,,,,,,,GDI,Spark Ignition Direct Injection,N,N,N,0W20,Y,Yes,Land Rover Discovery Sport,,,,,,,27.4,,,4,4,,RJLXT02.0RTV,7,,,,,,,,,,,,,,,,6250,482,381,437,,,,,,,,,,
2024,Jaguar Land Rover L,Land Rover,Range Rover Evoque,JLX,74,2.0,4,Auto(S9),20,27,22,25.007,38.5572,29.7046,19.809,26.6798,22.4055,,TC,Turbocharged,SA,Semi-Automatic,,9,Y,N,A,All Wheel Drive,10,,,GP,Gasoline (Premium Unleaded Recommended),MPG,miles per gallon,T,Truck,,,,,,,2950,2950,,,,,,,,,,,,,,,,,,,,SIDI; ,2,2,31,Small SUV 4WD,,Derived Vehicle Specific 5-cycle Calculation Approach for city label but Modified 5-cycle Calculation Approach for Highway label,1/9/2023,32702,,Y,N,,,N,N,,N,,Y,Inlet and Exhaust Camshaft Phasing controlled by Engine Management System.,N,,,,,,,,,,,,,,,,,,,,,,,,,,,GDI,Spark Ignition Direct Injection,N,N,N,0W20,Y,Yes,Range Rover Evoque,,,,,,,29.9,,,5,5,,RJLXT02.0RTV,7,,,,,,,,,,,,,,,,5000,451,334,398,,,,,,,,,,
2024,Toyota,LEXUS,NX 250 AWD,TYX,5,2.5,4,Auto(S8),25,32,28,33.1,46.1,37.9108,25,31.9782,28.0909,,NA,Naturally Aspirated,SA,Semi-Automatic,,8,Y,N,A,All Wheel Drive,15,,,G,Gasoline (Regular Unleaded Recommended),MPG,miles per gallon,T,Truck,,,,,,,1950,1950,,,,,,,,,,,,,,,,,,,,SIDI & PFI; ,2,2,31,Small SUV 4WD,,Derived 5-cycle label,3/17/2023,32907,,Y,N,,,N,N,,N,,Y,Intake and exhaust,N,,,,,,,,,,,,,,,,,,,,,,,,,,,GDPI,Spark Ignition direct & ported injection,,,N,0W-16,Y,Yes,,,,,,,,,,,6,6,,RTYXT02.5N4M,6,,,,,,,,,,,,,,,0,,352,276,318,,,,,,,,,,
2024,Toyota,LEXUS,NX 350 AWD,TYX,14,2.4,4,Auto(S8),21,28,24,27.2093,39.7106,31.7001,21.4008,27.9413,23.9205,,TC,Turbocharged,SA,Semi-Automatic,,8,Y,N,A,All Wheel Drive,15,,,GPR,Gasoline (Premium Unleaded Required),MPG,miles per gallon,T,Truck,,,,,,,2700,2700,,,,,,,,,,,,,,,,,,,,SIDI & PFI; ,2,2,31,Small SUV 4WD,,Derived 5-cycle label,3/17/2023,32909,,N,N,,,N,N,,N,,Y,Intake and exhaust,N,,,,,,,,,,,,,,,,,,,,,,,,,,,GDPI,Spark Ignition direct & ported injection,,,N,0W-20,Y,Yes,,,,,,,,,,,5,5,,RTYXJ02.4P3G,7,,,,,,,,,,,,,,,,3750,414,317,370,,,,,,,,,,
2024,Toyota,LEXUS,NX 350 AWD F SPORT,TYX,24,2.4,4,Auto(S8),21,28,24,27.6,40.5,32.2179,21,28.4463,24.2794,,TC,Turbocharged,SA,Semi-Automatic,,8,Y,N,A,All Wheel Drive,15,,,GPR,Gasoline (Premium Unleaded Required),MPG,miles per gallon,T,Truck,,,,,,,2700,2700,,,,,,,,,,,,,,,,,,,,SIDI & PFI; ,2,2,31,Small SUV 4WD,,Derived 5-cycle label,3/17/2023,32910,,N,N,,,N,N,,N,,Y,Intake and exhaust,N,,,,,,,,,,,,,,,,,,,,,,,,,,,GDPI,Spark Ignition direct & ported injection,,,N,0W-20,Y,Yes,,,,,,,,,,,5,5,,RTYXJ02.4P3G,7,,,,,,,,,,,,,,,,3750,420,309,370,,,,,,,,,,
2024,Toyota,LEXUS,NX 350h AWD,TYX,7,2.5,4,Auto(AV-S6),41,37,39,56.2446,51.6969,54.1029,41.3984,37.4192,39,,NA,Naturally Aspirated,SCV,Selectable Continuously Variable (e.g. CVT with paddles),,6,N,N,A,All Wheel Drive,15,,,GP,Gasoline (Premium Unleaded Recommended),MPG,miles per gallon,T,Truck,,,,,,,1650,1650,,,,,,,,,,,,,,,,,,,,SIDI & PFI; Hybrid; ,2,2,31,Small SUV 4WD,,Vehicle Specific 5-cycle label,3/17/2023,32908,,N,N,,,N,N,Applied to NX 350h.,N,,Y,Intake and exhaust,N,,Battery(s),,1,Lithium Ion,,259,4.3,76.5,On-Board,,,Electrical Regen Brake,,Both,N,,,,"""40kWatt"" of Rated Motor/Generator Power is only for AWD.",2,Other,AC Synchronous,40 and 134,,,GDPI,Spark Ignition direct & ported injection,N,N,N,"0W-16,0W-8",Y,Yes,HYBRID,,,,,,,,,,7,7,,RTYXT02.5P34,7,,,,,,,,,,,,,,,1500,,212,235,225,,,,,,,,,,
2024,Subaru,Subaru,CROSSTREK AWD,FJX,15,2.0,4,Auto(AV-S8),27,34,29,34.7,48.7,39.8559,26.6501,33.5885,29.3813,,NA,Naturally Aspirated,SCV,Selectable Continuously Variable (e.g. CVT with paddles),,8,Y,N,A,All Wheel Drive,15,,,G,Gasoline (Regular Unleaded Recommended),MPG,miles per gallon,T,Truck,,,,,,,1850,1850,,,,,,,,,,,,,,,,,,,,SIDI; ,2,2,31,Small SUV 4WD,,Derived 5-cycle label,3/20/2023,32750,,N,N,,,N,N,,N,,Y,Intake and Exhaust,N,,,,,,,,,,,,,,,,,,,,,,,,,,,GDI,Spark Ignition Direct Injection,,,N,ILSAC GF-6B 0W-16,Y,Yes,,,,,,,,,,,6,6,,RFJXJ02.5BBG,7,,,,,,,,,,,,,,,500,,331,263,300,,,,,,,,,,
2024,Subaru,Subaru,OUTBACK AWD,FJX,21,2.4,4,Auto(AV-S8),22,29,25,28.2,41.4,32.9239,22.1096,29.0199,24.7631,,TC,Turbocharged,SCV,Selectable Continuously Variable (e.g. CVT with paddles),,8,Y,N,A,All Wheel Drive,15,,,G,Gasoline (Regular Unleaded Recommended),MPG,miles per gallon,T,Truck,,,,,,,2150,2150,,,,,,,,,,,,,,,,,,,,SIDI; ,2,2,31,Small SUV 4WD,,Derived 5-cycle label,3/18/2023,32916,,N,N,,,N,N,,N,,Y,Intake and Exhaust,N,,,,,,,,,,,,,,,,,,,,,,,,,,,GDI,Spark Ignition Direct Injection,,,N,ILSAC GF-6A 0W-20,Y,Yes,,,,,,,,32.9,,,5,5,,RFJXJ02.4RAB,6,,,,,,,,,,,,,,,,1000,398,304,356,,,,,,,,,,
2024,Subaru,Subaru,OUTBACK AWD,FJX,19,2.5,4,Auto(AV-S8),26,32,28,33.2409,46.2435,38.0561,25.6471,32.0676,28.1867,,NA,Naturally Aspirated,SCV,Selectable Continuously Variable (e.g. CVT with paddles),,8,Y,N,A,All Wheel Drive,15,,,G,Gasoline (Regular Unleaded Recommended),MPG,miles per gallon,T,Truck,,,,,,,1950,1950,,,,,,,,,,,,,,,,,,,,SIDI; ,2,2,31,Small SUV 4WD,,Derived 5-cycle label,3/18/2023,32917,,N,N,,,N,N,,N,,Y,Intake and Exhaust,N,,,,,,,,,,,,,,,,,,,,,,,,,,,GDI,Spark Ignition Direct Injection,,,N,ILSAC GF-6A 0W-20,Y,Yes,,,,,,,,38.1,,,6,6,,RFJXJ02.5BUY,7,,,,,,,,,,,,,,,0,,346,276,314,,,,,,,,,,
2024,Subaru,Subaru,OUTBACK WILDERNESS AWD,FJX,75,2.4,4,Auto(AV-S8),21,26,23,27.2,37.1,30.9119,21.3942,26.2583,23.3398,,TC,Turbocharged,SCV,Selectable Continuously Variable (e.g. CVT with paddles),,8,Y,N,A,All Wheel Drive,15,,,G,Gasoline (Regular Unleaded Recommended),MPG,miles per gallon,T,Truck,,,,,,,2350,2350,,,,,,,,,,,,,,,,,,,,SIDI; ,2,2,31,Small SUV 4WD,,Derived 5-cycle label,3/18/2023,32918,,Y,N,,,N,N,,N,,Y,Intake and Exhaust,N,,,,,,,,,,,,,,,,,,,,,,,,,,,GDI,Spark Ignition Direct Injection,,,N,ILSAC GF-6A 0W-20,Y,Yes,,,,,,,,30.9,,,5,5,,RFJXJ02.4RAB,6,,,,,,,,,,,,,,,,2000,412,336,378,,,,,,,,,,
2024,BMW,BMW,X5 sDrive40i,BMX,570,3.0,6,Auto(S8),23,27,25,29.7,37.9,32.9035,23.1741,26.7761,24.6674,,TC,Turbocharged,SA,Semi-Automatic,,8,Y,N,R,"2-Wheel Drive, Rear",10,,,GP,Gasoline (Premium Unleaded Recommended),MPG,miles per gallon,T,Truck,,,,,,,2600,2600,,,,,,,,,,,,,,,,,,,,SIDI & PFI; Mild Hybrid; ,2,2,32,Standard SUV 2WD,,Derived 5-cycle label,3/29/2023,32957,,N,N,,,N,N,,N,,Y,Variable Valve Timing at inlet and outlet valves,Y,Variable Valve Lift at inlet valves and two settings at outlet valves,Battery(s),,1,Lithium Ion,,44,10.4,40,On-Board,,,Electrical Regen Brake,,Both,N,,,,Starter Generator Engine with 48V Technology; Motor/Generator Type: permanent magnet synchronous machine (PMSM),1,Other,PMSM,9,,,GDPI,Spark Ignition direct & ported injection,N,N,N,0W-12,Y,Yes,,,,,,,,,,,5,5,,RBMXJ03.0B58,7,,,,,,,,,,,,,,,,3250,383,331,360,,,,,,,,,,
2024,BMW,BMW,X5 M Competition,BMX,591,4.4,8,Auto(S8),13,18,15,15.8142,25.0123,18.9502,12.9117,18.1998,14.8539,,TC,Turbocharged,SA,Semi-Automatic,,8,Y,N,A,All Wheel Drive,10,,,GPR,Gasoline (Premium Unleaded Required),MPG,miles per gallon,T,Truck,,,,,,,4300,4300,,,,,,,,,,,,,,,,,,,,SIDI; Mild Hybrid; ,2,2,33,Standard SUV 4WD,,Derived 5-cycle label,3/24/2023,32894,,Y,N,,,N,N,,N,,Y,Variable Valve Timing at inlet and outlet valves,Y,Variable Valve Lift at inlet valves,Battery(s),,1,Lithium Ion,,44,10.4,40,On-Board,,,Electrical Regen Brake,,Both,N,,,,Starter Generator Engine with 48V Technology; Motor/Generator Type: permanent magnet synchronous machine (PMSM),1,Other,PMSM,9,,,GDI,Spark Ignition Direct Injection,N,N,N,0W30,Y,Yes,,,,,,,,,,,2,2,,RBMXT04.4S6M,5,,,,,,,,,,,,,,,,11750,678,481,589,,,,,,,,,,
2024,BMW,BMW,X5 M60i xDrive,BMX,574,4.4,8,Auto(S8),17,22,19,21.3372,31.1872,24.8722,17.1055,22.3722,19.1323,,TC,Turbocharged,SA,Semi-Automatic,,8,Y,N,A,All Wheel Drive,10,,,GP,Gasoline (Premium Unleaded Recommended),MPG,miles per gallon,T,Truck,,,,,,,3400,3400,,,,,,,,,,,,,,,,,,,,SIDI; Mild Hybrid; ,2,2,33,Standard SUV 4WD,,Derived 5-cycle label,3/24/2023,32891,,N,N,,,N,N,,N,,Y,Variable Valve Timing at inlet and outlet valves,Y,Variable Valve Lift at inlet valves,Battery(s),,1,Lithium Ion,,44,10.4,40,On-Board,,,Electrical Regen Brake,,Both,N,,,,Starter Generator Engine with 48V Technology; Motor/Generator Type: permanent magnet synchronous machine (PMSM),1,Other,PMSM,9,,,GDI,Spark Ignition Direct Injection,N,N,N,0W30,Y,Yes,,,,,,,,,,,4,4,,RBMXJ04.4S68,5,,,,,,,,,,,,,,,,7250,512,392,458,,,,,,,,,,
2024,BMW,BMW,X5 xDrive40i,BMX,571,3.0,6,Auto(S8),23,27,25,30,38.4,33.2756,23.3858,27.0988,24.9225,,TC,Turbocharged,SA,Semi-Automatic,,8,Y,N,A,All Wheel Drive,10,,,GP,Gasoline (Premium Unleaded Recommended),MPG,miles per gallon,T,Truck,,,,,,,2600,2600,,,,,,,,,,,,,,,,,,,,SIDI & PFI; Mild Hybrid; ,2,2,33,Standard SUV 4WD,,Derived 5-cycle label,3/24/2023,32888,,N,N,,,N,N,,N,,Y,Variable Valve Timing at inlet and outlet valves,Y,Variable Valve Lift at inlet valves and two settings at outlet valves,Battery(s),,1,Lithium Ion,,44,10.4,40,On-Board,,,Electrical Regen Brake,,Both,N,,,,Starter Generator Engine with 48V Technology; Motor/Generator Type: permanent magnet synchronous machine (PMSM),1,Other,PMSM,9,,,GDPI,Spark Ignition direct & ported injection,N,N,N,0W-12,Y,Yes,,,,,,,,,,,5,5,,RBMXJ03.0B58,7,,,,,,,,,,,,,,,,3250,375,323,352,,,,,,,,,,
2024,BMW,BMW,X6 M Competition,BMX,691,4.4,8,Auto(S8),13,18,15,15.8142,25.0123,18.9502,12.9117,18.1998,14.8539,,TC,Turbocharged,SA,Semi-Automatic,,8,Y,N,A,All Wheel Drive,10,,,GPR,Gasoline (Premium Unleaded Required),MPG,miles per gallon,T,Truck,,,,,,,4300,4300,,,,,,,,,,,,,,,,,,,,SIDI; Mild Hybrid; ,2,2,33,Standard SUV 4WD,,Derived 5-cycle label,3/24/2023,32895,,Y,N,,,N,N,,N,,Y,Variable Valve Timing at inlet and outlet valves,Y,Variable Valve Lift at inlet valves,Battery(s),,1,Lithium Ion,,44,10.4,40,On-Board,,,Electrical Regen Brake,,Both,N,,,,Starter Generator Engine with 48V Technology; Motor/Generator Type: permanent magnet synchronous machine (PMSM),1,Other,PMSM,9,,,GDI,Spark Ignition Direct Injection,N,N,N,0W30,Y,Yes,,,,,,,,,,,2,2,,RBMXT04.4S6M,5,,,,,,,,,,,,,,,,11750,678,481,589,,,,,,,,,,
2024,BMW,BMW,X6 M60i xDrive,BMX,674,4.4,8,Auto(S8),17,22,19,21.3372,31.1872,24.8722,17.1055,22.3722,19.1323,,TC,Turbocharged,SA,Semi-Automatic,,8,Y,N,A,All Wheel Drive,10,,,GP,Gasoline (Premium Unleaded Recommended),MPG,miles per gallon,T,Truck,,,,,,,3400,3400,,,,,,,,,,,,,,,,,,,,SIDI; Mild Hybrid; ,2,2,33,Standard SUV 4WD,,Derived 5-cycle label,3/24/2023,32892,,N,N,,,N,N,,N,,Y,Variable Valve Timing at inlet and outlet valves,Y,Variable Valve Lift at inlet valves,Battery(s),,1,Lithium Ion,,44,10.4,40,On-Board,,,Electrical Regen Brake,,Both,N,,,,Starter Generator Engine with 48V Technology; Motor/Generator Type: permanent magnet synchronous machine (PMSM),1,Other,PMSM,9,,,GDI,Spark Ignition Direct Injection,N,N,N,0W30,Y,Yes,,,,,,,,,,,4,4,,RBMXJ04.4S68,5,,,,,,,,,,,,,,,,7250,512,392,458,,,,,,,,,,
2024,BMW,BMW,X6 xDrive40i,BMX,671,3.0,6,Auto(S8),23,26,24,29.3278,37.3999,32.4826,22.9109,26.4527,24.3798,,TC,Turbocharged,SA,Semi-Automatic,,8,Y,N,A,All Wheel Drive,10,,,GP,Gasoline (Premium Unleaded Recommended),MPG,miles per gallon,T,Truck,,,,,,,2700,2700,,,,,,,,,,,,,,,,,,,,SIDI & PFI; Mild Hybrid; ,2,2,33,Standard SUV 4WD,,Derived 5-cycle label,3/24/2023,32889,,Y,N,,,N,N,,N,,Y,Variable Valve Timing at inlet and outlet valves,Y,Variable Valve Lift at inlet valves and two settings at outlet valves,Battery(s),,1,Lithium Ion,,44,10.4,40,On-Board,,,Electrical Regen Brake,,Both,N,,,,Starter Generator Engine with 48V Technology; Motor/Generator Type: permanent magnet synchronous machine (PMSM),1,Other,PMSM,9,,,GDPI,Spark Ignition direct & ported injection,N,N,N,0W-12,Y,Yes,,,,,,,,,,,5,5,,RBMXJ03.0B58,7,,,,,,,,,,,,,,,,3750,382,331,359,,,,,,,,,,
2024,BMW,BMW,X7 M60i xDrive,BMX,774,4.4,8,Auto(S8),16,21,18,20.4393,29.4004,23.6883,16.434,21.177,18.276,,TC,Turbocharged,SA,Semi-Automatic,,8,Y,N,A,All Wheel Drive,10,,,GP,Gasoline (Premium Unleaded Recommended),MPG,miles per gallon,T,Truck,,,,,,,3600,3600,,,,,,,,,,,,,,,,,,,,SIDI; Mild Hybrid; ,2,2,33,Standard SUV 4WD,,Derived 5-cycle label,3/24/2023,32893,,N,N,,,N,N,,N,,Y,Variable Valve Timing at inlet and outlet valves,Y,Variable Valve Lift at inlet valves,Battery(s),,1,Lithium Ion,,44,10.4,40,On-Board,,,Electrical Regen Brake,,Both,N,,,,Starter Generator Engine with 48V Technology; Motor/Generator Type: permanent magnet synchronous machine (PMSM),1,Other,PMSM,9,,,GDI,Spark Ignition Direct Injection,N,N,N,0W30,Y,Yes,,,,,,,,,,,4,4,,RBMXJ04.4S68,5,,,,,,,,,,,,,,,,8250,535,415,481,,,,,,,,,,
2024,BMW,BMW,X7 xDrive40i,BMX,770,3.0,6,Auto(S8),21,25,22,26.299,34.6868,29.5103,20.7456,24.6849,22.3507,,TC,Turbocharged,SA,Semi-Automatic,,8,Y,N,A,All Wheel Drive,10,,,GP,Gasoline (Premium Unleaded Recommended),MPG,miles per gallon,T,Truck,,,,,,,2950,2950,,,,,,,,,,,,,,,,,,,,SIDI & PFI; Mild Hybrid; ,2,2,33,Standard SUV 4WD,,Derived 5-cycle label,3/24/2023,32890,,N,N,,,N,N,,N,,Y,Variable Valve Timing at inlet and outlet valves,Y,Variable Valve Lift at inlet valves and two settings at outlet valves,Battery(s),,1,Lithium Ion,,44,10.4,40,On-Board,,,Electrical Regen Brake,,Both,N,,,,Starter Generator Engine with 48V Technology; Motor/Generator Type: permanent magnet synchronous machine (PMSM),1,Other,PMSM,9,,,GDPI,Spark Ignition direct & ported injection,N,N,N,0W-12,Y,Yes,,,,,,,,,,,5,5,,RBMXJ03.0B58,7,,,,,,,,,,,,,,,,5000,422,355,392,,,,,,,,,,
2024,Hyundai,GENESIS,GV80 AWD,HYX,13,2.5,4,Auto(S8),20,24,22,25.4497,36.1592,29.3632,20.1308,24.2677,21.8034,,TC,Turbocharged,SA,Semi-Automatic,,8,Y,N,A,All Wheel Drive,15,,,GP,Gasoline (Premium Unleaded Recommended),MPG,miles per gallon,T,Truck,,,,,,,2950,2950,,,,,,,,,,,,,,,,,,,,SIDI & PFI; ,2,2,33,Standard SUV 4WD,,Derived Vehicle Specific 5-cycle Calculation Approach for city label but Modified 5-cycle Calculation Approach for Highway label,3/1/2023,32841,,N,N,,,N,N,,N,,Y,Fixed3,N,,,,,,,,,,,,,,,,,,,,,,,,,,,GDPI,Spark Ignition direct & ported injection,,,N,SAE 0W30,Y,Yes,,,,,,,,,,,5,5,,RHYXT02.5TP5,5,,,,,,,,,,,,,,,,5000,443,365,408,,,,,,,,,,
2024,Hyundai,GENESIS,GV80 AWD,HYX,14,3.5,6,Auto(S8),18,23,20,22.8,31.7,26.0971,18.1909,22.7134,19.9812,,TC,Turbocharged,SA,Semi-Automatic,,8,Y,N,A,All Wheel Drive,15,,,GP,Gasoline (Premium Unleaded Recommended),MPG,miles per gallon,T,Truck,,,,,,,3200,3200,,,,,,,,,,,,,,,,,,,,SIDI & PFI; ,2,2,33,Standard SUV 4WD,,Derived 5-cycle label,3/1/2023,32842,,N,N,,,N,N,,N,,Y,Fixed3,N,,,,,,,,,,,,,,,,,,,,,,,,,,,GDPI,Spark Ignition direct & ported injection,,,N,SAE 0W30,Y,Yes,,,,,,,,,,,4,4,,RHYXT03.5TT5,5,,,,,,,,,,,,,,,,6250,492,395,448,,,,,,,,,,
